<?xml version="1.0" ?>
<questestinterop>
  <item ident="q31" title="Question q31">
    <presentation>
      <material>
        <mattext texttype="text/plain">Which component of executive function allows children to resist impulses?</mattext>
      </material>
      <response_lid ident="response1" rcardinality="Single">
        <render_choice>
          <response_label ident="A1">
            <material>
              <mattext texttype="text/plain">Memory</mattext>
            </material>
          </response_label>
          <response_label ident="A2">
            <material>
              <mattext texttype="text/plain">Inhibition</mattext>
            </material>
          </response_label>
          <response_label ident="A3">
            <material>
              <mattext texttype="text/plain">Processing speed</mattext>
            </material>
          </response_label>
          <response_label ident="A4">
            <material>
              <mattext texttype="text/plain">Visual scanning</mattext>
            </material>
          </response_label>
        </render_choice>
      </response_lid>
    </presentation>
    <resprocessing>
      <outcomes>
        <decvar varname="SCORE" vartype="Decimal" minvalue="0" maxvalue="100" cutvalue="50"/>
      </outcomes>
      <respcondition continue="No">
        <conditionvar>
          <varequal respident="response1">A2</varequal>
        </conditionvar>
        <setvar action="Set">100</setvar>
      </respcondition>
    </resprocessing>
  </item>
  <item ident="q32" title="Question q32">
    <presentation>
      <material>
        <mattext texttype="text/plain">According to Vygotsky, private speech:</mattext>
      </material>
      <response_lid ident="response1" rcardinality="Single">
        <render_choice>
          <response_label ident="A1">
            <material>
              <mattext texttype="text/plain">Indicates delayed development</mattext>
            </material>
          </response_label>
          <response_label ident="A2">
            <material>
              <mattext texttype="text/plain">Is used only in group settings</mattext>
            </material>
          </response_label>
          <response_label ident="A3">
            <material>
              <mattext texttype="text/plain">Helps guide behavior and thinking</mattext>
            </material>
          </response_label>
          <response_label ident="A4">
            <material>
              <mattext texttype="text/plain">Disrupts language acquisition</mattext>
            </material>
          </response_label>
        </render_choice>
      </response_lid>
    </presentation>
    <resprocessing>
      <outcomes>
        <decvar varname="SCORE" vartype="Decimal" minvalue="0" maxvalue="100" cutvalue="50"/>
      </outcomes>
      <respcondition continue="No">
        <conditionvar>
          <varequal respident="response1">A3</varequal>
        </conditionvar>
        <setvar action="Set">100</setvar>
      </respcondition>
    </resprocessing>
  </item>
  <item ident="q33" title="Question q33">
    <presentation>
      <material>
        <mattext texttype="text/plain">Gender schema theory suggests children:</mattext>
      </material>
      <response_lid ident="response1" rcardinality="Single">
        <render_choice>
          <response_label ident="A1">
            <material>
              <mattext texttype="text/plain">Are born knowing gender roles</mattext>
            </material>
          </response_label>
          <response_label ident="A2">
            <material>
              <mattext texttype="text/plain">Learn gender roles from only parents</mattext>
            </material>
          </response_label>
          <response_label ident="A3">
            <material>
              <mattext texttype="text/plain">Build concepts of gender from experiences</mattext>
            </material>
          </response_label>
          <response_label ident="A4">
            <material>
              <mattext texttype="text/plain">Reject all gender stereotypes</mattext>
            </material>
          </response_label>
        </render_choice>
      </response_lid>
    </presentation>
    <resprocessing>
      <outcomes>
        <decvar varname="SCORE" vartype="Decimal" minvalue="0" maxvalue="100" cutvalue="50"/>
      </outcomes>
      <respcondition continue="No">
        <conditionvar>
          <varequal respident="response1">A3</varequal>
        </conditionvar>
        <setvar action="Set">100</setvar>
      </respcondition>
    </resprocessing>
  </item>
  <item ident="q34" title="Question q34">
    <presentation>
      <material>
        <mattext texttype="text/plain">Which factor enhances autobiographical memory in children?</mattext>
      </material>
      <response_lid ident="response1" rcardinality="Single">
        <render_choice>
          <response_label ident="A1">
            <material>
              <mattext texttype="text/plain">Routine sleep</mattext>
            </material>
          </response_label>
          <response_label ident="A2">
            <material>
              <mattext texttype="text/plain">Parental scaffolding of past events</mattext>
            </material>
          </response_label>
          <response_label ident="A3">
            <material>
              <mattext texttype="text/plain">Fast-mapping</mattext>
            </material>
          </response_label>
          <response_label ident="A4">
            <material>
              <mattext texttype="text/plain">Language overregularization</mattext>
            </material>
          </response_label>
        </render_choice>
      </response_lid>
    </presentation>
    <resprocessing>
      <outcomes>
        <decvar varname="SCORE" vartype="Decimal" minvalue="0" maxvalue="100" cutvalue="50"/>
      </outcomes>
      <respcondition continue="No">
        <conditionvar>
          <varequal respident="response1">A2</varequal>
        </conditionvar>
        <setvar action="Set">100</setvar>
      </respcondition>
    </resprocessing>
  </item>
  <item ident="q35" title="Question q35">
    <presentation>
      <material>
        <mattext texttype="text/plain">Children with imaginary companions tend to:</mattext>
      </material>
      <response_lid ident="response1" rcardinality="Single">
        <render_choice>
          <response_label ident="A1">
            <material>
              <mattext texttype="text/plain">Have delayed social skills</mattext>
            </material>
          </response_label>
          <response_label ident="A2">
            <material>
              <mattext texttype="text/plain">Show enhanced creativity</mattext>
            </material>
          </response_label>
          <response_label ident="A3">
            <material>
              <mattext texttype="text/plain">Exhibit aggression</mattext>
            </material>
          </response_label>
          <response_label ident="A4">
            <material>
              <mattext texttype="text/plain">Struggle with memory</mattext>
            </material>
          </response_label>
        </render_choice>
      </response_lid>
    </presentation>
    <resprocessing>
      <outcomes>
        <decvar varname="SCORE" vartype="Decimal" minvalue="0" maxvalue="100" cutvalue="50"/>
      </outcomes>
      <respcondition continue="No">
        <conditionvar>
          <varequal respident="response1">A2</varequal>
        </conditionvar>
        <setvar action="Set">100</setvar>
      </respcondition>
    </resprocessing>
  </item>
  <item ident="q36" title="Question q36">
    <presentation>
      <material>
        <mattext texttype="text/plain">The concept of 'theory of mind' enables children to:</mattext>
      </material>
      <response_lid ident="response1" rcardinality="Single">
        <render_choice>
          <response_label ident="A1">
            <material>
              <mattext texttype="text/plain">Learn new words quickly</mattext>
            </material>
          </response_label>
          <response_label ident="A2">
            <material>
              <mattext texttype="text/plain">Understand that others have beliefs and thoughts</mattext>
            </material>
          </response_label>
          <response_label ident="A3">
            <material>
              <mattext texttype="text/plain">Avoid physical aggression</mattext>
            </material>
          </response_label>
          <response_label ident="A4">
            <material>
              <mattext texttype="text/plain">Remember more information</mattext>
            </material>
          </response_label>
        </render_choice>
      </response_lid>
    </presentation>
    <resprocessing>
      <outcomes>
        <decvar varname="SCORE" vartype="Decimal" minvalue="0" maxvalue="100" cutvalue="50"/>
      </outcomes>
      <respcondition continue="No">
        <conditionvar>
          <varequal respident="response1">A2</varequal>
        </conditionvar>
        <setvar action="Set">100</setvar>
      </respcondition>
    </resprocessing>
  </item>
  <item ident="q37" title="Question q37">
    <presentation>
      <material>
        <mattext texttype="text/plain">Which parenting style involves high control and low warmth?</mattext>
      </material>
      <response_lid ident="response1" rcardinality="Single">
        <render_choice>
          <response_label ident="A1">
            <material>
              <mattext texttype="text/plain">Permissive</mattext>
            </material>
          </response_label>
          <response_label ident="A2">
            <material>
              <mattext texttype="text/plain">Authoritative</mattext>
            </material>
          </response_label>
          <response_label ident="A3">
            <material>
              <mattext texttype="text/plain">Authoritarian</mattext>
            </material>
          </response_label>
          <response_label ident="A4">
            <material>
              <mattext texttype="text/plain">Uninvolved</mattext>
            </material>
          </response_label>
        </render_choice>
      </response_lid>
    </presentation>
    <resprocessing>
      <outcomes>
        <decvar varname="SCORE" vartype="Decimal" minvalue="0" maxvalue="100" cutvalue="50"/>
      </outcomes>
      <respcondition continue="No">
        <conditionvar>
          <varequal respident="response1">A3</varequal>
        </conditionvar>
        <setvar action="Set">100</setvar>
      </respcondition>
    </resprocessing>
  </item>
  <item ident="q38" title="Question q38">
    <presentation>
      <material>
        <mattext texttype="text/plain">Which developmental theory views gender as socially constructed through conversation and culture?</mattext>
      </material>
      <response_lid ident="response1" rcardinality="Single">
        <render_choice>
          <response_label ident="A1">
            <material>
              <mattext texttype="text/plain">Biological theory</mattext>
            </material>
          </response_label>
          <response_label ident="A2">
            <material>
              <mattext texttype="text/plain">Psychoanalytic theory</mattext>
            </material>
          </response_label>
          <response_label ident="A3">
            <material>
              <mattext texttype="text/plain">Social constructivist theory</mattext>
            </material>
          </response_label>
          <response_label ident="A4">
            <material>
              <mattext texttype="text/plain">Ecological systems theory</mattext>
            </material>
          </response_label>
        </render_choice>
      </response_lid>
    </presentation>
    <resprocessing>
      <outcomes>
        <decvar varname="SCORE" vartype="Decimal" minvalue="0" maxvalue="100" cutvalue="50"/>
      </outcomes>
      <respcondition continue="No">
        <conditionvar>
          <varequal respident="response1">A3</varequal>
        </conditionvar>
        <setvar action="Set">100</setvar>
      </respcondition>
    </resprocessing>
  </item>
  <item ident="q39" title="Question q39">
    <presentation>
      <material>
        <mattext texttype="text/plain">Which process is central to children learning the meaning of new words with minimal exposure?</mattext>
      </material>
      <response_lid ident="response1" rcardinality="Single">
        <render_choice>
          <response_label ident="A1">
            <material>
              <mattext texttype="text/plain">Fast-mapping</mattext>
            </material>
          </response_label>
          <response_label ident="A2">
            <material>
              <mattext texttype="text/plain">Overextension</mattext>
            </material>
          </response_label>
          <response_label ident="A3">
            <material>
              <mattext texttype="text/plain">Metacognition</mattext>
            </material>
          </response_label>
          <response_label ident="A4">
            <material>
              <mattext texttype="text/plain">Semantic cueing</mattext>
            </material>
          </response_label>
        </render_choice>
      </response_lid>
    </presentation>
    <resprocessing>
      <outcomes>
        <decvar varname="SCORE" vartype="Decimal" minvalue="0" maxvalue="100" cutvalue="50"/>
      </outcomes>
      <respcondition continue="No">
        <conditionvar>
          <varequal respident="response1">A1</varequal>
        </conditionvar>
        <setvar action="Set">100</setvar>
      </respcondition>
    </resprocessing>
  </item>
  <item ident="q40" title="Question q40">
    <presentation>
      <material>
        <mattext texttype="text/plain">Which of the following best supports Vygotsky’s view of learning?</mattext>
      </material>
      <response_lid ident="response1" rcardinality="Single">
        <render_choice>
          <response_label ident="A1">
            <material>
              <mattext texttype="text/plain">Solitary play</mattext>
            </material>
          </response_label>
          <response_label ident="A2">
            <material>
              <mattext texttype="text/plain">Operant conditioning</mattext>
            </material>
          </response_label>
          <response_label ident="A3">
            <material>
              <mattext texttype="text/plain">Social interaction and guided learning</mattext>
            </material>
          </response_label>
          <response_label ident="A4">
            <material>
              <mattext texttype="text/plain">Innate schemas</mattext>
            </material>
          </response_label>
        </render_choice>
      </response_lid>
    </presentation>
    <resprocessing>
      <outcomes>
        <decvar varname="SCORE" vartype="Decimal" minvalue="0" maxvalue="100" cutvalue="50"/>
      </outcomes>
      <respcondition continue="No">
        <conditionvar>
          <varequal respident="response1">A3</varequal>
        </conditionvar>
        <setvar action="Set">100</setvar>
      </respcondition>
    </resprocessing>
  </item>
  <item ident="q41" title="Question q41">
    <presentation>
      <material>
        <mattext texttype="text/plain">Which parenting style is associated with poor emotion regulation in children?</mattext>
      </material>
      <response_lid ident="response1" rcardinality="Single">
        <render_choice>
          <response_label ident="A1">
            <material>
              <mattext texttype="text/plain">Authoritative</mattext>
            </material>
          </response_label>
          <response_label ident="A2">
            <material>
              <mattext texttype="text/plain">Authoritarian</mattext>
            </material>
          </response_label>
          <response_label ident="A3">
            <material>
              <mattext texttype="text/plain">Permissive</mattext>
            </material>
          </response_label>
          <response_label ident="A4">
            <material>
              <mattext texttype="text/plain">Supportive</mattext>
            </material>
          </response_label>
        </render_choice>
      </response_lid>
    </presentation>
    <resprocessing>
      <outcomes>
        <decvar varname="SCORE" vartype="Decimal" minvalue="0" maxvalue="100" cutvalue="50"/>
      </outcomes>
      <respcondition continue="No">
        <conditionvar>
          <varequal respident="response1">A3</varequal>
        </conditionvar>
        <setvar action="Set">100</setvar>
      </respcondition>
    </resprocessing>
  </item>
  <item ident="q42" title="Question q42">
    <presentation>
      <material>
        <mattext texttype="text/plain">Which play type includes shared goals and rules?</mattext>
      </material>
      <response_lid ident="response1" rcardinality="Single">
        <render_choice>
          <response_label ident="A1">
            <material>
              <mattext texttype="text/plain">Parallel play</mattext>
            </material>
          </response_label>
          <response_label ident="A2">
            <material>
              <mattext texttype="text/plain">Associative play</mattext>
            </material>
          </response_label>
          <response_label ident="A3">
            <material>
              <mattext texttype="text/plain">Cooperative play</mattext>
            </material>
          </response_label>
          <response_label ident="A4">
            <material>
              <mattext texttype="text/plain">Solitary play</mattext>
            </material>
          </response_label>
        </render_choice>
      </response_lid>
    </presentation>
    <resprocessing>
      <outcomes>
        <decvar varname="SCORE" vartype="Decimal" minvalue="0" maxvalue="100" cutvalue="50"/>
      </outcomes>
      <respcondition continue="No">
        <conditionvar>
          <varequal respident="response1">A3</varequal>
        </conditionvar>
        <setvar action="Set">100</setvar>
      </respcondition>
    </resprocessing>
  </item>
  <item ident="q43" title="Question q43">
    <presentation>
      <material>
        <mattext texttype="text/plain">Which child would show the greatest delay in executive function?</mattext>
      </material>
      <response_lid ident="response1" rcardinality="Single">
        <render_choice>
          <response_label ident="A1">
            <material>
              <mattext texttype="text/plain">A child with authoritative parents</mattext>
            </material>
          </response_label>
          <response_label ident="A2">
            <material>
              <mattext texttype="text/plain">A child in a high-quality preschool</mattext>
            </material>
          </response_label>
          <response_label ident="A3">
            <material>
              <mattext texttype="text/plain">A child exposed to toxic stress</mattext>
            </material>
          </response_label>
          <response_label ident="A4">
            <material>
              <mattext texttype="text/plain">A child learning two languages</mattext>
            </material>
          </response_label>
        </render_choice>
      </response_lid>
    </presentation>
    <resprocessing>
      <outcomes>
        <decvar varname="SCORE" vartype="Decimal" minvalue="0" maxvalue="100" cutvalue="50"/>
      </outcomes>
      <respcondition continue="No">
        <conditionvar>
          <varequal respident="response1">A3</varequal>
        </conditionvar>
        <setvar action="Set">100</setvar>
      </respcondition>
    </resprocessing>
  </item>
  <item ident="q44" title="Question q44">
    <presentation>
      <material>
        <mattext texttype="text/plain">Why is emotional regulation important in early childhood?</mattext>
      </material>
      <response_lid ident="response1" rcardinality="Single">
        <render_choice>
          <response_label ident="A1">
            <material>
              <mattext texttype="text/plain">To reduce sleep needs</mattext>
            </material>
          </response_label>
          <response_label ident="A2">
            <material>
              <mattext texttype="text/plain">To build vocabulary</mattext>
            </material>
          </response_label>
          <response_label ident="A3">
            <material>
              <mattext texttype="text/plain">To support peer relationships</mattext>
            </material>
          </response_label>
          <response_label ident="A4">
            <material>
              <mattext texttype="text/plain">To increase physical growth</mattext>
            </material>
          </response_label>
        </render_choice>
      </response_lid>
    </presentation>
    <resprocessing>
      <outcomes>
        <decvar varname="SCORE" vartype="Decimal" minvalue="0" maxvalue="100" cutvalue="50"/>
      </outcomes>
      <respcondition continue="No">
        <conditionvar>
          <varequal respident="response1">A3</varequal>
        </conditionvar>
        <setvar action="Set">100</setvar>
      </respcondition>
    </resprocessing>
  </item>
  <item ident="q45" title="Question q45">
    <presentation>
      <material>
        <mattext texttype="text/plain">Which of the following is a cultural influence on gender development?</mattext>
      </material>
      <response_lid ident="response1" rcardinality="Single">
        <render_choice>
          <response_label ident="A1">
            <material>
              <mattext texttype="text/plain">Private speech</mattext>
            </material>
          </response_label>
          <response_label ident="A2">
            <material>
              <mattext texttype="text/plain">Scaffolding</mattext>
            </material>
          </response_label>
          <response_label ident="A3">
            <material>
              <mattext texttype="text/plain">Language acquisition device</mattext>
            </material>
          </response_label>
          <response_label ident="A4">
            <material>
              <mattext texttype="text/plain">Media exposure</mattext>
            </material>
          </response_label>
        </render_choice>
      </response_lid>
    </presentation>
    <resprocessing>
      <outcomes>
        <decvar varname="SCORE" vartype="Decimal" minvalue="0" maxvalue="100" cutvalue="50"/>
      </outcomes>
      <respcondition continue="No">
        <conditionvar>
          <varequal respident="response1">A4</varequal>
        </conditionvar>
        <setvar action="Set">100</setvar>
      </respcondition>
    </resprocessing>
  </item>
  <item ident="q46" title="Question q46">
    <presentation>
      <material>
        <mattext texttype="text/plain">Which abuse category includes inappropriate sexual behavior with a child?</mattext>
      </material>
      <response_lid ident="response1" rcardinality="Single">
        <render_choice>
          <response_label ident="A1">
            <material>
              <mattext texttype="text/plain">Neglect</mattext>
            </material>
          </response_label>
          <response_label ident="A2">
            <material>
              <mattext texttype="text/plain">Physical abuse</mattext>
            </material>
          </response_label>
          <response_label ident="A3">
            <material>
              <mattext texttype="text/plain">Sexual abuse</mattext>
            </material>
          </response_label>
          <response_label ident="A4">
            <material>
              <mattext texttype="text/plain">Verbal abuse</mattext>
            </material>
          </response_label>
        </render_choice>
      </response_lid>
    </presentation>
    <resprocessing>
      <outcomes>
        <decvar varname="SCORE" vartype="Decimal" minvalue="0" maxvalue="100" cutvalue="50"/>
      </outcomes>
      <respcondition continue="No">
        <conditionvar>
          <varequal respident="response1">A3</varequal>
        </conditionvar>
        <setvar action="Set">100</setvar>
      </respcondition>
    </resprocessing>
  </item>
  <item ident="q47" title="Question q47">
    <presentation>
      <material>
        <mattext texttype="text/plain">Which parenting style encourages child input and supports independence?</mattext>
      </material>
      <response_lid ident="response1" rcardinality="Single">
        <render_choice>
          <response_label ident="A1">
            <material>
              <mattext texttype="text/plain">Uninvolved</mattext>
            </material>
          </response_label>
          <response_label ident="A2">
            <material>
              <mattext texttype="text/plain">Permissive</mattext>
            </material>
          </response_label>
          <response_label ident="A3">
            <material>
              <mattext texttype="text/plain">Authoritative</mattext>
            </material>
          </response_label>
          <response_label ident="A4">
            <material>
              <mattext texttype="text/plain">Authoritarian</mattext>
            </material>
          </response_label>
        </render_choice>
      </response_lid>
    </presentation>
    <resprocessing>
      <outcomes>
        <decvar varname="SCORE" vartype="Decimal" minvalue="0" maxvalue="100" cutvalue="50"/>
      </outcomes>
      <respcondition continue="No">
        <conditionvar>
          <varequal respident="response1">A3</varequal>
        </conditionvar>
        <setvar action="Set">100</setvar>
      </respcondition>
    </resprocessing>
  </item>
  <item ident="q48" title="Question q48">
    <presentation>
      <material>
        <mattext texttype="text/plain">What is one benefit of high-quality preschool education?</mattext>
      </material>
      <response_lid ident="response1" rcardinality="Single">
        <render_choice>
          <response_label ident="A1">
            <material>
              <mattext texttype="text/plain">Increased childhood obesity</mattext>
            </material>
          </response_label>
          <response_label ident="A2">
            <material>
              <mattext texttype="text/plain">Higher standardized test anxiety</mattext>
            </material>
          </response_label>
          <response_label ident="A3">
            <material>
              <mattext texttype="text/plain">Improved cognitive outcomes</mattext>
            </material>
          </response_label>
          <response_label ident="A4">
            <material>
              <mattext texttype="text/plain">Later school enrollment</mattext>
            </material>
          </response_label>
        </render_choice>
      </response_lid>
    </presentation>
    <resprocessing>
      <outcomes>
        <decvar varname="SCORE" vartype="Decimal" minvalue="0" maxvalue="100" cutvalue="50"/>
      </outcomes>
      <respcondition continue="No">
        <conditionvar>
          <varequal respident="response1">A3</varequal>
        </conditionvar>
        <setvar action="Set">100</setvar>
      </respcondition>
    </resprocessing>
  </item>
  <item ident="q49" title="Question q49">
    <presentation>
      <material>
        <mattext texttype="text/plain">Which parenting behavior is most consistent with scaffolding?</mattext>
      </material>
      <response_lid ident="response1" rcardinality="Single">
        <render_choice>
          <response_label ident="A1">
            <material>
              <mattext texttype="text/plain">Expecting self-reliance</mattext>
            </material>
          </response_label>
          <response_label ident="A2">
            <material>
              <mattext texttype="text/plain">Doing tasks for the child</mattext>
            </material>
          </response_label>
          <response_label ident="A3">
            <material>
              <mattext texttype="text/plain">Guiding with support as needed</mattext>
            </material>
          </response_label>
          <response_label ident="A4">
            <material>
              <mattext texttype="text/plain">Avoiding structured activities</mattext>
            </material>
          </response_label>
        </render_choice>
      </response_lid>
    </presentation>
    <resprocessing>
      <outcomes>
        <decvar varname="SCORE" vartype="Decimal" minvalue="0" maxvalue="100" cutvalue="50"/>
      </outcomes>
      <respcondition continue="No">
        <conditionvar>
          <varequal respident="response1">A3</varequal>
        </conditionvar>
        <setvar action="Set">100</setvar>
      </respcondition>
    </resprocessing>
  </item>
  <item ident="q50" title="Question q50">
    <presentation>
      <material>
        <mattext texttype="text/plain">What term describes the process of grouping new information by existing frameworks?</mattext>
      </material>
      <response_lid ident="response1" rcardinality="Single">
        <render_choice>
          <response_label ident="A1">
            <material>
              <mattext texttype="text/plain">Encoding</mattext>
            </material>
          </response_label>
          <response_label ident="A2">
            <material>
              <mattext texttype="text/plain">Assimilation</mattext>
            </material>
          </response_label>
          <response_label ident="A3">
            <material>
              <mattext texttype="text/plain">Self-concept</mattext>
            </material>
          </response_label>
          <response_label ident="A4">
            <material>
              <mattext texttype="text/plain">Conservation</mattext>
            </material>
          </response_label>
        </render_choice>
      </response_lid>
    </presentation>
    <resprocessing>
      <outcomes>
        <decvar varname="SCORE" vartype="Decimal" minvalue="0" maxvalue="100" cutvalue="50"/>
      </outcomes>
      <respcondition continue="No">
        <conditionvar>
          <varequal respident="response1">A2</varequal>
        </conditionvar>
        <setvar action="Set">100</setvar>
      </respcondition>
    </resprocessing>
  </item>
</questestinterop>
