<?xml version="1.0" ?>
<questestinterop>
  <item ident="q51" title="Question q51">
    <presentation>
      <material>
        <mattext texttype="text/plain">Which factor most explains the increase in risky behavior during adolescence despite increased cognitive abilities?</mattext>
      </material>
      <response_lid ident="response1" rcardinality="Single">
        <render_choice>
          <response_label ident="A1">
            <material>
              <mattext texttype="text/plain">Late maturation of the limbic system</mattext>
            </material>
          </response_label>
          <response_label ident="A2">
            <material>
              <mattext texttype="text/plain">Rapid maturation of cognitive control</mattext>
            </material>
          </response_label>
          <response_label ident="A3">
            <material>
              <mattext texttype="text/plain">Imbalance between emotional reactivity and executive control</mattext>
            </material>
          </response_label>
          <response_label ident="A4">
            <material>
              <mattext texttype="text/plain">Reduced brain plasticity</mattext>
            </material>
          </response_label>
        </render_choice>
      </response_lid>
    </presentation>
    <resprocessing>
      <outcomes>
        <decvar varname="SCORE" vartype="Decimal" minvalue="0" maxvalue="100" cutvalue="50"/>
      </outcomes>
      <respcondition continue="No">
        <conditionvar>
          <varequal respident="response1">A3</varequal>
        </conditionvar>
        <setvar action="Set">100</setvar>
      </respcondition>
    </resprocessing>
  </item>
  <item ident="q52" title="Question q52">
    <presentation>
      <material>
        <mattext texttype="text/plain">Adolescents' capacity for hypothetical-deductive reasoning allows them to:</mattext>
      </material>
      <response_lid ident="response1" rcardinality="Single">
        <render_choice>
          <response_label ident="A1">
            <material>
              <mattext texttype="text/plain">Follow only concrete rules</mattext>
            </material>
          </response_label>
          <response_label ident="A2">
            <material>
              <mattext texttype="text/plain">Think logically about abstract possibilities</mattext>
            </material>
          </response_label>
          <response_label ident="A3">
            <material>
              <mattext texttype="text/plain">Avoid emotional decision-making</mattext>
            </material>
          </response_label>
          <response_label ident="A4">
            <material>
              <mattext texttype="text/plain">Ignore authority figures</mattext>
            </material>
          </response_label>
        </render_choice>
      </response_lid>
    </presentation>
    <resprocessing>
      <outcomes>
        <decvar varname="SCORE" vartype="Decimal" minvalue="0" maxvalue="100" cutvalue="50"/>
      </outcomes>
      <respcondition continue="No">
        <conditionvar>
          <varequal respident="response1">A2</varequal>
        </conditionvar>
        <setvar action="Set">100</setvar>
      </respcondition>
    </resprocessing>
  </item>
  <item ident="q53" title="Question q53">
    <presentation>
      <material>
        <mattext texttype="text/plain">The gender intensification hypothesis suggests increased pressure to conform to:</mattext>
      </material>
      <response_lid ident="response1" rcardinality="Single">
        <render_choice>
          <response_label ident="A1">
            <material>
              <mattext texttype="text/plain">Adult career roles</mattext>
            </material>
          </response_label>
          <response_label ident="A2">
            <material>
              <mattext texttype="text/plain">Gender-typed behavior</mattext>
            </material>
          </response_label>
          <response_label ident="A3">
            <material>
              <mattext texttype="text/plain">Peer emotional support</mattext>
            </material>
          </response_label>
          <response_label ident="A4">
            <material>
              <mattext texttype="text/plain">Academic standards</mattext>
            </material>
          </response_label>
        </render_choice>
      </response_lid>
    </presentation>
    <resprocessing>
      <outcomes>
        <decvar varname="SCORE" vartype="Decimal" minvalue="0" maxvalue="100" cutvalue="50"/>
      </outcomes>
      <respcondition continue="No">
        <conditionvar>
          <varequal respident="response1">A2</varequal>
        </conditionvar>
        <setvar action="Set">100</setvar>
      </respcondition>
    </resprocessing>
  </item>
  <item ident="q54" title="Question q54">
    <presentation>
      <material>
        <mattext texttype="text/plain">Adolescents in the stage of identity diffusion typically:</mattext>
      </material>
      <response_lid ident="response1" rcardinality="Single">
        <render_choice>
          <response_label ident="A1">
            <material>
              <mattext texttype="text/plain">Have explored multiple career paths</mattext>
            </material>
          </response_label>
          <response_label ident="A2">
            <material>
              <mattext texttype="text/plain">Have committed to a personal identity</mattext>
            </material>
          </response_label>
          <response_label ident="A3">
            <material>
              <mattext texttype="text/plain">Lack clear goals and commitments</mattext>
            </material>
          </response_label>
          <response_label ident="A4">
            <material>
              <mattext texttype="text/plain">Exhibit postconventional morality</mattext>
            </material>
          </response_label>
        </render_choice>
      </response_lid>
    </presentation>
    <resprocessing>
      <outcomes>
        <decvar varname="SCORE" vartype="Decimal" minvalue="0" maxvalue="100" cutvalue="50"/>
      </outcomes>
      <respcondition continue="No">
        <conditionvar>
          <varequal respident="response1">A3</varequal>
        </conditionvar>
        <setvar action="Set">100</setvar>
      </respcondition>
    </resprocessing>
  </item>
  <item ident="q55" title="Question q55">
    <presentation>
      <material>
        <mattext texttype="text/plain">Protective factors against suicide in adolescents include:</mattext>
      </material>
      <response_lid ident="response1" rcardinality="Single">
        <render_choice>
          <response_label ident="A1">
            <material>
              <mattext texttype="text/plain">Low emotional regulation</mattext>
            </material>
          </response_label>
          <response_label ident="A2">
            <material>
              <mattext texttype="text/plain">Strong peer isolation</mattext>
            </material>
          </response_label>
          <response_label ident="A3">
            <material>
              <mattext texttype="text/plain">Access to mental health services</mattext>
            </material>
          </response_label>
          <response_label ident="A4">
            <material>
              <mattext texttype="text/plain">Exposure to peer delinquency</mattext>
            </material>
          </response_label>
        </render_choice>
      </response_lid>
    </presentation>
    <resprocessing>
      <outcomes>
        <decvar varname="SCORE" vartype="Decimal" minvalue="0" maxvalue="100" cutvalue="50"/>
      </outcomes>
      <respcondition continue="No">
        <conditionvar>
          <varequal respident="response1">A3</varequal>
        </conditionvar>
        <setvar action="Set">100</setvar>
      </respcondition>
    </resprocessing>
  </item>
  <item ident="q56" title="Question q56">
    <presentation>
      <material>
        <mattext texttype="text/plain">Which best characterizes the emotional experiences of adolescence?</mattext>
      </material>
      <response_lid ident="response1" rcardinality="Single">
        <render_choice>
          <response_label ident="A1">
            <material>
              <mattext texttype="text/plain">Stable mood due to prefrontal cortex maturation</mattext>
            </material>
          </response_label>
          <response_label ident="A2">
            <material>
              <mattext texttype="text/plain">Volatile emotional swings due to limbic sensitivity</mattext>
            </material>
          </response_label>
          <response_label ident="A3">
            <material>
              <mattext texttype="text/plain">Reduction of emotional responses</mattext>
            </material>
          </response_label>
          <response_label ident="A4">
            <material>
              <mattext texttype="text/plain">Decreased stress reactivity</mattext>
            </material>
          </response_label>
        </render_choice>
      </response_lid>
    </presentation>
    <resprocessing>
      <outcomes>
        <decvar varname="SCORE" vartype="Decimal" minvalue="0" maxvalue="100" cutvalue="50"/>
      </outcomes>
      <respcondition continue="No">
        <conditionvar>
          <varequal respident="response1">A2</varequal>
        </conditionvar>
        <setvar action="Set">100</setvar>
      </respcondition>
    </resprocessing>
  </item>
  <item ident="q57" title="Question q57">
    <presentation>
      <material>
        <mattext texttype="text/plain">Why might early-maturing girls be at greater risk for depression and substance use?</mattext>
      </material>
      <response_lid ident="response1" rcardinality="Single">
        <render_choice>
          <response_label ident="A1">
            <material>
              <mattext texttype="text/plain">Reduced limbic system activity</mattext>
            </material>
          </response_label>
          <response_label ident="A2">
            <material>
              <mattext texttype="text/plain">Mismatch between physical development and emotional regulation</mattext>
            </material>
          </response_label>
          <response_label ident="A3">
            <material>
              <mattext texttype="text/plain">Early cognitive maturity</mattext>
            </material>
          </response_label>
          <response_label ident="A4">
            <material>
              <mattext texttype="text/plain">Higher levels of self-efficacy</mattext>
            </material>
          </response_label>
        </render_choice>
      </response_lid>
    </presentation>
    <resprocessing>
      <outcomes>
        <decvar varname="SCORE" vartype="Decimal" minvalue="0" maxvalue="100" cutvalue="50"/>
      </outcomes>
      <respcondition continue="No">
        <conditionvar>
          <varequal respident="response1">A2</varequal>
        </conditionvar>
        <setvar action="Set">100</setvar>
      </respcondition>
    </resprocessing>
  </item>
  <item ident="q58" title="Question q58">
    <presentation>
      <material>
        <mattext texttype="text/plain">Moral reasoning in postconventional stages is based on:</mattext>
      </material>
      <response_lid ident="response1" rcardinality="Single">
        <render_choice>
          <response_label ident="A1">
            <material>
              <mattext texttype="text/plain">Parental approval</mattext>
            </material>
          </response_label>
          <response_label ident="A2">
            <material>
              <mattext texttype="text/plain">Avoiding punishment</mattext>
            </material>
          </response_label>
          <response_label ident="A3">
            <material>
              <mattext texttype="text/plain">Personal ethical principles</mattext>
            </material>
          </response_label>
          <response_label ident="A4">
            <material>
              <mattext texttype="text/plain">Peer conformity</mattext>
            </material>
          </response_label>
        </render_choice>
      </response_lid>
    </presentation>
    <resprocessing>
      <outcomes>
        <decvar varname="SCORE" vartype="Decimal" minvalue="0" maxvalue="100" cutvalue="50"/>
      </outcomes>
      <respcondition continue="No">
        <conditionvar>
          <varequal respident="response1">A3</varequal>
        </conditionvar>
        <setvar action="Set">100</setvar>
      </respcondition>
    </resprocessing>
  </item>
  <item ident="q59" title="Question q59">
    <presentation>
      <material>
        <mattext texttype="text/plain">Which cognitive change makes adolescents more able to engage in advanced moral reasoning?</mattext>
      </material>
      <response_lid ident="response1" rcardinality="Single">
        <render_choice>
          <response_label ident="A1">
            <material>
              <mattext texttype="text/plain">Decentration</mattext>
            </material>
          </response_label>
          <response_label ident="A2">
            <material>
              <mattext texttype="text/plain">Hypothetical-deductive reasoning</mattext>
            </material>
          </response_label>
          <response_label ident="A3">
            <material>
              <mattext texttype="text/plain">Egocentrism</mattext>
            </material>
          </response_label>
          <response_label ident="A4">
            <material>
              <mattext texttype="text/plain">Concrete operations</mattext>
            </material>
          </response_label>
        </render_choice>
      </response_lid>
    </presentation>
    <resprocessing>
      <outcomes>
        <decvar varname="SCORE" vartype="Decimal" minvalue="0" maxvalue="100" cutvalue="50"/>
      </outcomes>
      <respcondition continue="No">
        <conditionvar>
          <varequal respident="response1">A2</varequal>
        </conditionvar>
        <setvar action="Set">100</setvar>
      </respcondition>
    </resprocessing>
  </item>
  <item ident="q60" title="Question q60">
    <presentation>
      <material>
        <mattext texttype="text/plain">Emerging adulthood typically occurs during which age range?</mattext>
      </material>
      <response_lid ident="response1" rcardinality="Single">
        <render_choice>
          <response_label ident="A1">
            <material>
              <mattext texttype="text/plain">10–14</mattext>
            </material>
          </response_label>
          <response_label ident="A2">
            <material>
              <mattext texttype="text/plain">15–18</mattext>
            </material>
          </response_label>
          <response_label ident="A3">
            <material>
              <mattext texttype="text/plain">18–25</mattext>
            </material>
          </response_label>
          <response_label ident="A4">
            <material>
              <mattext texttype="text/plain">25–30</mattext>
            </material>
          </response_label>
        </render_choice>
      </response_lid>
    </presentation>
    <resprocessing>
      <outcomes>
        <decvar varname="SCORE" vartype="Decimal" minvalue="0" maxvalue="100" cutvalue="50"/>
      </outcomes>
      <respcondition continue="No">
        <conditionvar>
          <varequal respident="response1">A3</varequal>
        </conditionvar>
        <setvar action="Set">100</setvar>
      </respcondition>
    </resprocessing>
  </item>
</questestinterop>
