<?xml version="1.0" ?>
<questestinterop>
  <item ident="q1" title="Question q1">
    <presentation>
      <material>
        <mattext texttype="text/plain">Which stage marks the transition from childhood to adulthood?</mattext>
      </material>
      <response_lid ident="response1" rcardinality="Single">
        <render_choice>
          <response_label ident="A1">
            <material>
              <mattext texttype="text/plain">Infancy</mattext>
            </material>
          </response_label>
          <response_label ident="A2">
            <material>
              <mattext texttype="text/plain">Middle childhood</mattext>
            </material>
          </response_label>
          <response_label ident="A3">
            <material>
              <mattext texttype="text/plain">Adolescence</mattext>
            </material>
          </response_label>
          <response_label ident="A4">
            <material>
              <mattext texttype="text/plain">Emerging adulthood</mattext>
            </material>
          </response_label>
        </render_choice>
      </response_lid>
    </presentation>
    <resprocessing>
      <outcomes>
        <decvar varname="SCORE" vartype="Decimal" minvalue="0" maxvalue="100" cutvalue="50"/>
      </outcomes>
      <respcondition continue="No">
        <conditionvar>
          <varequal respident="response1">A3</varequal>
        </conditionvar>
        <setvar action="Set">100</setvar>
      </respcondition>
    </resprocessing>
  </item>
  <item ident="q2" title="Question q2">
    <presentation>
      <material>
        <mattext texttype="text/plain">What is the term for the first menstrual period?</mattext>
      </material>
      <response_lid ident="response1" rcardinality="Single">
        <render_choice>
          <response_label ident="A1">
            <material>
              <mattext texttype="text/plain">Menopause</mattext>
            </material>
          </response_label>
          <response_label ident="A2">
            <material>
              <mattext texttype="text/plain">Spermarche</mattext>
            </material>
          </response_label>
          <response_label ident="A3">
            <material>
              <mattext texttype="text/plain">Menarche</mattext>
            </material>
          </response_label>
          <response_label ident="A4">
            <material>
              <mattext texttype="text/plain">Ovulation</mattext>
            </material>
          </response_label>
        </render_choice>
      </response_lid>
    </presentation>
    <resprocessing>
      <outcomes>
        <decvar varname="SCORE" vartype="Decimal" minvalue="0" maxvalue="100" cutvalue="50"/>
      </outcomes>
      <respcondition continue="No">
        <conditionvar>
          <varequal respident="response1">A3</varequal>
        </conditionvar>
        <setvar action="Set">100</setvar>
      </respcondition>
    </resprocessing>
  </item>
  <item ident="q3" title="Question q3">
    <presentation>
      <material>
        <mattext texttype="text/plain">Which brain region is primarily responsible for decision-making and impulse control?</mattext>
      </material>
      <response_lid ident="response1" rcardinality="Single">
        <render_choice>
          <response_label ident="A1">
            <material>
              <mattext texttype="text/plain">Hippocampus</mattext>
            </material>
          </response_label>
          <response_label ident="A2">
            <material>
              <mattext texttype="text/plain">Prefrontal cortex</mattext>
            </material>
          </response_label>
          <response_label ident="A3">
            <material>
              <mattext texttype="text/plain">Corpus callosum</mattext>
            </material>
          </response_label>
          <response_label ident="A4">
            <material>
              <mattext texttype="text/plain">Limbic system</mattext>
            </material>
          </response_label>
        </render_choice>
      </response_lid>
    </presentation>
    <resprocessing>
      <outcomes>
        <decvar varname="SCORE" vartype="Decimal" minvalue="0" maxvalue="100" cutvalue="50"/>
      </outcomes>
      <respcondition continue="No">
        <conditionvar>
          <varequal respident="response1">A2</varequal>
        </conditionvar>
        <setvar action="Set">100</setvar>
      </respcondition>
    </resprocessing>
  </item>
  <item ident="q4" title="Question q4">
    <presentation>
      <material>
        <mattext texttype="text/plain">Which characteristic describes secondary sex characteristics?</mattext>
      </material>
      <response_lid ident="response1" rcardinality="Single">
        <render_choice>
          <response_label ident="A1">
            <material>
              <mattext texttype="text/plain">Ovaries and testes</mattext>
            </material>
          </response_label>
          <response_label ident="A2">
            <material>
              <mattext texttype="text/plain">Growth of breasts and facial hair</mattext>
            </material>
          </response_label>
          <response_label ident="A3">
            <material>
              <mattext texttype="text/plain">Ability to reproduce</mattext>
            </material>
          </response_label>
          <response_label ident="A4">
            <material>
              <mattext texttype="text/plain">Gamete production</mattext>
            </material>
          </response_label>
        </render_choice>
      </response_lid>
    </presentation>
    <resprocessing>
      <outcomes>
        <decvar varname="SCORE" vartype="Decimal" minvalue="0" maxvalue="100" cutvalue="50"/>
      </outcomes>
      <respcondition continue="No">
        <conditionvar>
          <varequal respident="response1">A2</varequal>
        </conditionvar>
        <setvar action="Set">100</setvar>
      </respcondition>
    </resprocessing>
  </item>
  <item ident="q5" title="Question q5">
    <presentation>
      <material>
        <mattext texttype="text/plain">What is a major physical event that occurs during puberty?</mattext>
      </material>
      <response_lid ident="response1" rcardinality="Single">
        <render_choice>
          <response_label ident="A1">
            <material>
              <mattext texttype="text/plain">Cognitive decline</mattext>
            </material>
          </response_label>
          <response_label ident="A2">
            <material>
              <mattext texttype="text/plain">Growth spurt</mattext>
            </material>
          </response_label>
          <response_label ident="A3">
            <material>
              <mattext texttype="text/plain">Decrease in limbic activity</mattext>
            </material>
          </response_label>
          <response_label ident="A4">
            <material>
              <mattext texttype="text/plain">Increased bone density only</mattext>
            </material>
          </response_label>
        </render_choice>
      </response_lid>
    </presentation>
    <resprocessing>
      <outcomes>
        <decvar varname="SCORE" vartype="Decimal" minvalue="0" maxvalue="100" cutvalue="50"/>
      </outcomes>
      <respcondition continue="No">
        <conditionvar>
          <varequal respident="response1">A2</varequal>
        </conditionvar>
        <setvar action="Set">100</setvar>
      </respcondition>
    </resprocessing>
  </item>
  <item ident="q6" title="Question q6">
    <presentation>
      <material>
        <mattext texttype="text/plain">The imaginary audience is a type of:</mattext>
      </material>
      <response_lid ident="response1" rcardinality="Single">
        <render_choice>
          <response_label ident="A1">
            <material>
              <mattext texttype="text/plain">Risk-taking behavior</mattext>
            </material>
          </response_label>
          <response_label ident="A2">
            <material>
              <mattext texttype="text/plain">Egocentrism</mattext>
            </material>
          </response_label>
          <response_label ident="A3">
            <material>
              <mattext texttype="text/plain">Abstract thinking</mattext>
            </material>
          </response_label>
          <response_label ident="A4">
            <material>
              <mattext texttype="text/plain">Moral reasoning</mattext>
            </material>
          </response_label>
        </render_choice>
      </response_lid>
    </presentation>
    <resprocessing>
      <outcomes>
        <decvar varname="SCORE" vartype="Decimal" minvalue="0" maxvalue="100" cutvalue="50"/>
      </outcomes>
      <respcondition continue="No">
        <conditionvar>
          <varequal respident="response1">A2</varequal>
        </conditionvar>
        <setvar action="Set">100</setvar>
      </respcondition>
    </resprocessing>
  </item>
  <item ident="q7" title="Question q7">
    <presentation>
      <material>
        <mattext texttype="text/plain">Personal fable thinking leads adolescents to believe:</mattext>
      </material>
      <response_lid ident="response1" rcardinality="Single">
        <render_choice>
          <response_label ident="A1">
            <material>
              <mattext texttype="text/plain">They are invulnerable and unique</mattext>
            </material>
          </response_label>
          <response_label ident="A2">
            <material>
              <mattext texttype="text/plain">Everyone agrees with their parents</mattext>
            </material>
          </response_label>
          <response_label ident="A3">
            <material>
              <mattext texttype="text/plain">They cannot develop identity</mattext>
            </material>
          </response_label>
          <response_label ident="A4">
            <material>
              <mattext texttype="text/plain">Everyone follows the same risk patterns</mattext>
            </material>
          </response_label>
        </render_choice>
      </response_lid>
    </presentation>
    <resprocessing>
      <outcomes>
        <decvar varname="SCORE" vartype="Decimal" minvalue="0" maxvalue="100" cutvalue="50"/>
      </outcomes>
      <respcondition continue="No">
        <conditionvar>
          <varequal respident="response1">A1</varequal>
        </conditionvar>
        <setvar action="Set">100</setvar>
      </respcondition>
    </resprocessing>
  </item>
  <item ident="q8" title="Question q8">
    <presentation>
      <material>
        <mattext texttype="text/plain">What is the key psychological conflict according to Erikson during adolescence?</mattext>
      </material>
      <response_lid ident="response1" rcardinality="Single">
        <render_choice>
          <response_label ident="A1">
            <material>
              <mattext texttype="text/plain">Trust vs. mistrust</mattext>
            </material>
          </response_label>
          <response_label ident="A2">
            <material>
              <mattext texttype="text/plain">Industry vs. inferiority</mattext>
            </material>
          </response_label>
          <response_label ident="A3">
            <material>
              <mattext texttype="text/plain">Identity vs. role confusion</mattext>
            </material>
          </response_label>
          <response_label ident="A4">
            <material>
              <mattext texttype="text/plain">Intimacy vs. isolation</mattext>
            </material>
          </response_label>
        </render_choice>
      </response_lid>
    </presentation>
    <resprocessing>
      <outcomes>
        <decvar varname="SCORE" vartype="Decimal" minvalue="0" maxvalue="100" cutvalue="50"/>
      </outcomes>
      <respcondition continue="No">
        <conditionvar>
          <varequal respident="response1">A3</varequal>
        </conditionvar>
        <setvar action="Set">100</setvar>
      </respcondition>
    </resprocessing>
  </item>
  <item ident="q9" title="Question q9">
    <presentation>
      <material>
        <mattext texttype="text/plain">Which hormone plays a significant role in male pubertal development?</mattext>
      </material>
      <response_lid ident="response1" rcardinality="Single">
        <render_choice>
          <response_label ident="A1">
            <material>
              <mattext texttype="text/plain">Estrogen</mattext>
            </material>
          </response_label>
          <response_label ident="A2">
            <material>
              <mattext texttype="text/plain">Progesterone</mattext>
            </material>
          </response_label>
          <response_label ident="A3">
            <material>
              <mattext texttype="text/plain">Testosterone</mattext>
            </material>
          </response_label>
          <response_label ident="A4">
            <material>
              <mattext texttype="text/plain">Cortisol</mattext>
            </material>
          </response_label>
        </render_choice>
      </response_lid>
    </presentation>
    <resprocessing>
      <outcomes>
        <decvar varname="SCORE" vartype="Decimal" minvalue="0" maxvalue="100" cutvalue="50"/>
      </outcomes>
      <respcondition continue="No">
        <conditionvar>
          <varequal respident="response1">A3</varequal>
        </conditionvar>
        <setvar action="Set">100</setvar>
      </respcondition>
    </resprocessing>
  </item>
  <item ident="q10" title="Question q10">
    <presentation>
      <material>
        <mattext texttype="text/plain">Puberty is typically initiated by changes in which part of the body?</mattext>
      </material>
      <response_lid ident="response1" rcardinality="Single">
        <render_choice>
          <response_label ident="A1">
            <material>
              <mattext texttype="text/plain">Limbic system</mattext>
            </material>
          </response_label>
          <response_label ident="A2">
            <material>
              <mattext texttype="text/plain">Adrenal glands</mattext>
            </material>
          </response_label>
          <response_label ident="A3">
            <material>
              <mattext texttype="text/plain">Hypothalamus</mattext>
            </material>
          </response_label>
          <response_label ident="A4">
            <material>
              <mattext texttype="text/plain">Prefrontal cortex</mattext>
            </material>
          </response_label>
        </render_choice>
      </response_lid>
    </presentation>
    <resprocessing>
      <outcomes>
        <decvar varname="SCORE" vartype="Decimal" minvalue="0" maxvalue="100" cutvalue="50"/>
      </outcomes>
      <respcondition continue="No">
        <conditionvar>
          <varequal respident="response1">A3</varequal>
        </conditionvar>
        <setvar action="Set">100</setvar>
      </respcondition>
    </resprocessing>
  </item>
  <item ident="q11" title="Question q11">
    <presentation>
      <material>
        <mattext texttype="text/plain">Which part of the brain is responsible for emotions and undergoes significant development during adolescence?</mattext>
      </material>
      <response_lid ident="response1" rcardinality="Single">
        <render_choice>
          <response_label ident="A1">
            <material>
              <mattext texttype="text/plain">Prefrontal cortex</mattext>
            </material>
          </response_label>
          <response_label ident="A2">
            <material>
              <mattext texttype="text/plain">Cerebellum</mattext>
            </material>
          </response_label>
          <response_label ident="A3">
            <material>
              <mattext texttype="text/plain">Limbic system</mattext>
            </material>
          </response_label>
          <response_label ident="A4">
            <material>
              <mattext texttype="text/plain">Brain stem</mattext>
            </material>
          </response_label>
        </render_choice>
      </response_lid>
    </presentation>
    <resprocessing>
      <outcomes>
        <decvar varname="SCORE" vartype="Decimal" minvalue="0" maxvalue="100" cutvalue="50"/>
      </outcomes>
      <respcondition continue="No">
        <conditionvar>
          <varequal respident="response1">A3</varequal>
        </conditionvar>
        <setvar action="Set">100</setvar>
      </respcondition>
    </resprocessing>
  </item>
  <item ident="q12" title="Question q12">
    <presentation>
      <material>
        <mattext texttype="text/plain">Which hormone is most associated with female pubertal development?</mattext>
      </material>
      <response_lid ident="response1" rcardinality="Single">
        <render_choice>
          <response_label ident="A1">
            <material>
              <mattext texttype="text/plain">Testosterone</mattext>
            </material>
          </response_label>
          <response_label ident="A2">
            <material>
              <mattext texttype="text/plain">Insulin</mattext>
            </material>
          </response_label>
          <response_label ident="A3">
            <material>
              <mattext texttype="text/plain">Estrogen</mattext>
            </material>
          </response_label>
          <response_label ident="A4">
            <material>
              <mattext texttype="text/plain">Cortisol</mattext>
            </material>
          </response_label>
        </render_choice>
      </response_lid>
    </presentation>
    <resprocessing>
      <outcomes>
        <decvar varname="SCORE" vartype="Decimal" minvalue="0" maxvalue="100" cutvalue="50"/>
      </outcomes>
      <respcondition continue="No">
        <conditionvar>
          <varequal respident="response1">A3</varequal>
        </conditionvar>
        <setvar action="Set">100</setvar>
      </respcondition>
    </resprocessing>
  </item>
  <item ident="q13" title="Question q13">
    <presentation>
      <material>
        <mattext texttype="text/plain">What refers to a boy's first ejaculation of sperm?</mattext>
      </material>
      <response_lid ident="response1" rcardinality="Single">
        <render_choice>
          <response_label ident="A1">
            <material>
              <mattext texttype="text/plain">Menarche</mattext>
            </material>
          </response_label>
          <response_label ident="A2">
            <material>
              <mattext texttype="text/plain">Ovulation</mattext>
            </material>
          </response_label>
          <response_label ident="A3">
            <material>
              <mattext texttype="text/plain">Spermarche</mattext>
            </material>
          </response_label>
          <response_label ident="A4">
            <material>
              <mattext texttype="text/plain">Menopause</mattext>
            </material>
          </response_label>
        </render_choice>
      </response_lid>
    </presentation>
    <resprocessing>
      <outcomes>
        <decvar varname="SCORE" vartype="Decimal" minvalue="0" maxvalue="100" cutvalue="50"/>
      </outcomes>
      <respcondition continue="No">
        <conditionvar>
          <varequal respident="response1">A3</varequal>
        </conditionvar>
        <setvar action="Set">100</setvar>
      </respcondition>
    </resprocessing>
  </item>
  <item ident="q14" title="Question q14">
    <presentation>
      <material>
        <mattext texttype="text/plain">What connects the left and right hemispheres of the brain and continues to mature during adolescence?</mattext>
      </material>
      <response_lid ident="response1" rcardinality="Single">
        <render_choice>
          <response_label ident="A1">
            <material>
              <mattext texttype="text/plain">Prefrontal cortex</mattext>
            </material>
          </response_label>
          <response_label ident="A2">
            <material>
              <mattext texttype="text/plain">Corpus callosum</mattext>
            </material>
          </response_label>
          <response_label ident="A3">
            <material>
              <mattext texttype="text/plain">Limbic system</mattext>
            </material>
          </response_label>
          <response_label ident="A4">
            <material>
              <mattext texttype="text/plain">Amygdala</mattext>
            </material>
          </response_label>
        </render_choice>
      </response_lid>
    </presentation>
    <resprocessing>
      <outcomes>
        <decvar varname="SCORE" vartype="Decimal" minvalue="0" maxvalue="100" cutvalue="50"/>
      </outcomes>
      <respcondition continue="No">
        <conditionvar>
          <varequal respident="response1">A2</varequal>
        </conditionvar>
        <setvar action="Set">100</setvar>
      </respcondition>
    </resprocessing>
  </item>
  <item ident="q15" title="Question q15">
    <presentation>
      <material>
        <mattext texttype="text/plain">According to Marcia, a person who has not yet experienced a crisis or made a commitment is in:</mattext>
      </material>
      <response_lid ident="response1" rcardinality="Single">
        <render_choice>
          <response_label ident="A1">
            <material>
              <mattext texttype="text/plain">Identity achievement</mattext>
            </material>
          </response_label>
          <response_label ident="A2">
            <material>
              <mattext texttype="text/plain">Identity diffusion</mattext>
            </material>
          </response_label>
          <response_label ident="A3">
            <material>
              <mattext texttype="text/plain">Identity foreclosure</mattext>
            </material>
          </response_label>
          <response_label ident="A4">
            <material>
              <mattext texttype="text/plain">Identity moratorium</mattext>
            </material>
          </response_label>
        </render_choice>
      </response_lid>
    </presentation>
    <resprocessing>
      <outcomes>
        <decvar varname="SCORE" vartype="Decimal" minvalue="0" maxvalue="100" cutvalue="50"/>
      </outcomes>
      <respcondition continue="No">
        <conditionvar>
          <varequal respident="response1">A2</varequal>
        </conditionvar>
        <setvar action="Set">100</setvar>
      </respcondition>
    </resprocessing>
  </item>
  <item ident="q16" title="Question q16">
    <presentation>
      <material>
        <mattext texttype="text/plain">Which concept describes adolescents' heightened self-consciousness?</mattext>
      </material>
      <response_lid ident="response1" rcardinality="Single">
        <render_choice>
          <response_label ident="A1">
            <material>
              <mattext texttype="text/plain">Self-concept</mattext>
            </material>
          </response_label>
          <response_label ident="A2">
            <material>
              <mattext texttype="text/plain">Metacognition</mattext>
            </material>
          </response_label>
          <response_label ident="A3">
            <material>
              <mattext texttype="text/plain">Imaginary audience</mattext>
            </material>
          </response_label>
          <response_label ident="A4">
            <material>
              <mattext texttype="text/plain">Personal fable</mattext>
            </material>
          </response_label>
        </render_choice>
      </response_lid>
    </presentation>
    <resprocessing>
      <outcomes>
        <decvar varname="SCORE" vartype="Decimal" minvalue="0" maxvalue="100" cutvalue="50"/>
      </outcomes>
      <respcondition continue="No">
        <conditionvar>
          <varequal respident="response1">A3</varequal>
        </conditionvar>
        <setvar action="Set">100</setvar>
      </respcondition>
    </resprocessing>
  </item>
  <item ident="q17" title="Question q17">
    <presentation>
      <material>
        <mattext texttype="text/plain">Hypothetical-deductive reasoning is first fully developed in which Piagetian stage?</mattext>
      </material>
      <response_lid ident="response1" rcardinality="Single">
        <render_choice>
          <response_label ident="A1">
            <material>
              <mattext texttype="text/plain">Concrete operational</mattext>
            </material>
          </response_label>
          <response_label ident="A2">
            <material>
              <mattext texttype="text/plain">Formal operational</mattext>
            </material>
          </response_label>
          <response_label ident="A3">
            <material>
              <mattext texttype="text/plain">Preoperational</mattext>
            </material>
          </response_label>
          <response_label ident="A4">
            <material>
              <mattext texttype="text/plain">Sensorimotor</mattext>
            </material>
          </response_label>
        </render_choice>
      </response_lid>
    </presentation>
    <resprocessing>
      <outcomes>
        <decvar varname="SCORE" vartype="Decimal" minvalue="0" maxvalue="100" cutvalue="50"/>
      </outcomes>
      <respcondition continue="No">
        <conditionvar>
          <varequal respident="response1">A2</varequal>
        </conditionvar>
        <setvar action="Set">100</setvar>
      </respcondition>
    </resprocessing>
  </item>
  <item ident="q18" title="Question q18">
    <presentation>
      <material>
        <mattext texttype="text/plain">The gender intensification hypothesis suggests that:</mattext>
      </material>
      <response_lid ident="response1" rcardinality="Single">
        <render_choice>
          <response_label ident="A1">
            <material>
              <mattext texttype="text/plain">Girls become more tomboyish during adolescence</mattext>
            </material>
          </response_label>
          <response_label ident="A2">
            <material>
              <mattext texttype="text/plain">Boys become more feminine during adolescence</mattext>
            </material>
          </response_label>
          <response_label ident="A3">
            <material>
              <mattext texttype="text/plain">Gender role differences increase during adolescence</mattext>
            </material>
          </response_label>
          <response_label ident="A4">
            <material>
              <mattext texttype="text/plain">Sexuality becomes less important during adolescence</mattext>
            </material>
          </response_label>
        </render_choice>
      </response_lid>
    </presentation>
    <resprocessing>
      <outcomes>
        <decvar varname="SCORE" vartype="Decimal" minvalue="0" maxvalue="100" cutvalue="50"/>
      </outcomes>
      <respcondition continue="No">
        <conditionvar>
          <varequal respident="response1">A3</varequal>
        </conditionvar>
        <setvar action="Set">100</setvar>
      </respcondition>
    </resprocessing>
  </item>
  <item ident="q19" title="Question q19">
    <presentation>
      <material>
        <mattext texttype="text/plain">Which of the following increases during adolescence and relates to planning and decision-making?</mattext>
      </material>
      <response_lid ident="response1" rcardinality="Single">
        <render_choice>
          <response_label ident="A1">
            <material>
              <mattext texttype="text/plain">Corpus callosum activity</mattext>
            </material>
          </response_label>
          <response_label ident="A2">
            <material>
              <mattext texttype="text/plain">Frontal lobe development</mattext>
            </material>
          </response_label>
          <response_label ident="A3">
            <material>
              <mattext texttype="text/plain">Amygdala sensitivity</mattext>
            </material>
          </response_label>
          <response_label ident="A4">
            <material>
              <mattext texttype="text/plain">Growth spurt</mattext>
            </material>
          </response_label>
        </render_choice>
      </response_lid>
    </presentation>
    <resprocessing>
      <outcomes>
        <decvar varname="SCORE" vartype="Decimal" minvalue="0" maxvalue="100" cutvalue="50"/>
      </outcomes>
      <respcondition continue="No">
        <conditionvar>
          <varequal respident="response1">A2</varequal>
        </conditionvar>
        <setvar action="Set">100</setvar>
      </respcondition>
    </resprocessing>
  </item>
  <item ident="q20" title="Question q20">
    <presentation>
      <material>
        <mattext texttype="text/plain">Identity achievement involves:</mattext>
      </material>
      <response_lid ident="response1" rcardinality="Single">
        <render_choice>
          <response_label ident="A1">
            <material>
              <mattext texttype="text/plain">No exploration and no commitment</mattext>
            </material>
          </response_label>
          <response_label ident="A2">
            <material>
              <mattext texttype="text/plain">Commitment following a crisis</mattext>
            </material>
          </response_label>
          <response_label ident="A3">
            <material>
              <mattext texttype="text/plain">Commitment without exploration</mattext>
            </material>
          </response_label>
          <response_label ident="A4">
            <material>
              <mattext texttype="text/plain">Rejection of social norms</mattext>
            </material>
          </response_label>
        </render_choice>
      </response_lid>
    </presentation>
    <resprocessing>
      <outcomes>
        <decvar varname="SCORE" vartype="Decimal" minvalue="0" maxvalue="100" cutvalue="50"/>
      </outcomes>
      <respcondition continue="No">
        <conditionvar>
          <varequal respident="response1">A2</varequal>
        </conditionvar>
        <setvar action="Set">100</setvar>
      </respcondition>
    </resprocessing>
  </item>
  <item ident="q21" title="Question q21">
    <presentation>
      <material>
        <mattext texttype="text/plain">The primary physical marker for the beginning of puberty in boys is:</mattext>
      </material>
      <response_lid ident="response1" rcardinality="Single">
        <render_choice>
          <response_label ident="A1">
            <material>
              <mattext texttype="text/plain">Facial hair growth</mattext>
            </material>
          </response_label>
          <response_label ident="A2">
            <material>
              <mattext texttype="text/plain">Spermarche</mattext>
            </material>
          </response_label>
          <response_label ident="A3">
            <material>
              <mattext texttype="text/plain">Growth spurt</mattext>
            </material>
          </response_label>
          <response_label ident="A4">
            <material>
              <mattext texttype="text/plain">Voice deepening</mattext>
            </material>
          </response_label>
        </render_choice>
      </response_lid>
    </presentation>
    <resprocessing>
      <outcomes>
        <decvar varname="SCORE" vartype="Decimal" minvalue="0" maxvalue="100" cutvalue="50"/>
      </outcomes>
      <respcondition continue="No">
        <conditionvar>
          <varequal respident="response1">A2</varequal>
        </conditionvar>
        <setvar action="Set">100</setvar>
      </respcondition>
    </resprocessing>
  </item>
  <item ident="q22" title="Question q22">
    <presentation>
      <material>
        <mattext texttype="text/plain">Which term best describes the ability to think about thinking?</mattext>
      </material>
      <response_lid ident="response1" rcardinality="Single">
        <render_choice>
          <response_label ident="A1">
            <material>
              <mattext texttype="text/plain">Egocentrism</mattext>
            </material>
          </response_label>
          <response_label ident="A2">
            <material>
              <mattext texttype="text/plain">Abstract thinking</mattext>
            </material>
          </response_label>
          <response_label ident="A3">
            <material>
              <mattext texttype="text/plain">Metacognition</mattext>
            </material>
          </response_label>
          <response_label ident="A4">
            <material>
              <mattext texttype="text/plain">Risk-taking behavior</mattext>
            </material>
          </response_label>
        </render_choice>
      </response_lid>
    </presentation>
    <resprocessing>
      <outcomes>
        <decvar varname="SCORE" vartype="Decimal" minvalue="0" maxvalue="100" cutvalue="50"/>
      </outcomes>
      <respcondition continue="No">
        <conditionvar>
          <varequal respident="response1">A3</varequal>
        </conditionvar>
        <setvar action="Set">100</setvar>
      </respcondition>
    </resprocessing>
  </item>
  <item ident="q23" title="Question q23">
    <presentation>
      <material>
        <mattext texttype="text/plain">Adolescents often engage in risk-taking because the ____ matures before the prefrontal cortex.</mattext>
      </material>
      <response_lid ident="response1" rcardinality="Single">
        <render_choice>
          <response_label ident="A1">
            <material>
              <mattext texttype="text/plain">Cerebellum</mattext>
            </material>
          </response_label>
          <response_label ident="A2">
            <material>
              <mattext texttype="text/plain">Corpus callosum</mattext>
            </material>
          </response_label>
          <response_label ident="A3">
            <material>
              <mattext texttype="text/plain">Limbic system</mattext>
            </material>
          </response_label>
          <response_label ident="A4">
            <material>
              <mattext texttype="text/plain">Amygdala</mattext>
            </material>
          </response_label>
        </render_choice>
      </response_lid>
    </presentation>
    <resprocessing>
      <outcomes>
        <decvar varname="SCORE" vartype="Decimal" minvalue="0" maxvalue="100" cutvalue="50"/>
      </outcomes>
      <respcondition continue="No">
        <conditionvar>
          <varequal respident="response1">A3</varequal>
        </conditionvar>
        <setvar action="Set">100</setvar>
      </respcondition>
    </resprocessing>
  </item>
  <item ident="q24" title="Question q24">
    <presentation>
      <material>
        <mattext texttype="text/plain">According to Erikson, failing to establish a clear identity can lead to:</mattext>
      </material>
      <response_lid ident="response1" rcardinality="Single">
        <render_choice>
          <response_label ident="A1">
            <material>
              <mattext texttype="text/plain">Role confusion</mattext>
            </material>
          </response_label>
          <response_label ident="A2">
            <material>
              <mattext texttype="text/plain">Egocentrism</mattext>
            </material>
          </response_label>
          <response_label ident="A3">
            <material>
              <mattext texttype="text/plain">Peer rejection</mattext>
            </material>
          </response_label>
          <response_label ident="A4">
            <material>
              <mattext texttype="text/plain">Concrete thinking</mattext>
            </material>
          </response_label>
        </render_choice>
      </response_lid>
    </presentation>
    <resprocessing>
      <outcomes>
        <decvar varname="SCORE" vartype="Decimal" minvalue="0" maxvalue="100" cutvalue="50"/>
      </outcomes>
      <respcondition continue="No">
        <conditionvar>
          <varequal respident="response1">A1</varequal>
        </conditionvar>
        <setvar action="Set">100</setvar>
      </respcondition>
    </resprocessing>
  </item>
  <item ident="q25" title="Question q25">
    <presentation>
      <material>
        <mattext texttype="text/plain">Which is a psychological impact of the personal fable in adolescence?</mattext>
      </material>
      <response_lid ident="response1" rcardinality="Single">
        <render_choice>
          <response_label ident="A1">
            <material>
              <mattext texttype="text/plain">Overestimation of risk</mattext>
            </material>
          </response_label>
          <response_label ident="A2">
            <material>
              <mattext texttype="text/plain">Belief in vulnerability</mattext>
            </material>
          </response_label>
          <response_label ident="A3">
            <material>
              <mattext texttype="text/plain">Sense of uniqueness and invulnerability</mattext>
            </material>
          </response_label>
          <response_label ident="A4">
            <material>
              <mattext texttype="text/plain">Increased empathy</mattext>
            </material>
          </response_label>
        </render_choice>
      </response_lid>
    </presentation>
    <resprocessing>
      <outcomes>
        <decvar varname="SCORE" vartype="Decimal" minvalue="0" maxvalue="100" cutvalue="50"/>
      </outcomes>
      <respcondition continue="No">
        <conditionvar>
          <varequal respident="response1">A3</varequal>
        </conditionvar>
        <setvar action="Set">100</setvar>
      </respcondition>
    </resprocessing>
  </item>
  <item ident="q26" title="Question q26">
    <presentation>
      <material>
        <mattext texttype="text/plain">What type of peer group is typically larger and less personal?</mattext>
      </material>
      <response_lid ident="response1" rcardinality="Single">
        <render_choice>
          <response_label ident="A1">
            <material>
              <mattext texttype="text/plain">Clique</mattext>
            </material>
          </response_label>
          <response_label ident="A2">
            <material>
              <mattext texttype="text/plain">Crowd</mattext>
            </material>
          </response_label>
          <response_label ident="A3">
            <material>
              <mattext texttype="text/plain">Dyad</mattext>
            </material>
          </response_label>
          <response_label ident="A4">
            <material>
              <mattext texttype="text/plain">Triad</mattext>
            </material>
          </response_label>
        </render_choice>
      </response_lid>
    </presentation>
    <resprocessing>
      <outcomes>
        <decvar varname="SCORE" vartype="Decimal" minvalue="0" maxvalue="100" cutvalue="50"/>
      </outcomes>
      <respcondition continue="No">
        <conditionvar>
          <varequal respident="response1">A2</varequal>
        </conditionvar>
        <setvar action="Set">100</setvar>
      </respcondition>
    </resprocessing>
  </item>
  <item ident="q27" title="Question q27">
    <presentation>
      <material>
        <mattext texttype="text/plain">Sexual identity development during adolescence involves:</mattext>
      </material>
      <response_lid ident="response1" rcardinality="Single">
        <render_choice>
          <response_label ident="A1">
            <material>
              <mattext texttype="text/plain">Only genetic factors</mattext>
            </material>
          </response_label>
          <response_label ident="A2">
            <material>
              <mattext texttype="text/plain">Exploration of sexual feelings and orientation</mattext>
            </material>
          </response_label>
          <response_label ident="A3">
            <material>
              <mattext texttype="text/plain">Rejection of all gender norms</mattext>
            </material>
          </response_label>
          <response_label ident="A4">
            <material>
              <mattext texttype="text/plain">Conformity to all peer expectations</mattext>
            </material>
          </response_label>
        </render_choice>
      </response_lid>
    </presentation>
    <resprocessing>
      <outcomes>
        <decvar varname="SCORE" vartype="Decimal" minvalue="0" maxvalue="100" cutvalue="50"/>
      </outcomes>
      <respcondition continue="No">
        <conditionvar>
          <varequal respident="response1">A2</varequal>
        </conditionvar>
        <setvar action="Set">100</setvar>
      </respcondition>
    </resprocessing>
  </item>
  <item ident="q28" title="Question q28">
    <presentation>
      <material>
        <mattext texttype="text/plain">Which factor is most associated with higher risk of depression in adolescence?</mattext>
      </material>
      <response_lid ident="response1" rcardinality="Single">
        <render_choice>
          <response_label ident="A1">
            <material>
              <mattext texttype="text/plain">High self-efficacy</mattext>
            </material>
          </response_label>
          <response_label ident="A2">
            <material>
              <mattext texttype="text/plain">Strong family support</mattext>
            </material>
          </response_label>
          <response_label ident="A3">
            <material>
              <mattext texttype="text/plain">Peer rejection and conflict</mattext>
            </material>
          </response_label>
          <response_label ident="A4">
            <material>
              <mattext texttype="text/plain">Participation in sports</mattext>
            </material>
          </response_label>
        </render_choice>
      </response_lid>
    </presentation>
    <resprocessing>
      <outcomes>
        <decvar varname="SCORE" vartype="Decimal" minvalue="0" maxvalue="100" cutvalue="50"/>
      </outcomes>
      <respcondition continue="No">
        <conditionvar>
          <varequal respident="response1">A3</varequal>
        </conditionvar>
        <setvar action="Set">100</setvar>
      </respcondition>
    </resprocessing>
  </item>
  <item ident="q29" title="Question q29">
    <presentation>
      <material>
        <mattext texttype="text/plain">Protective factors against adolescent risk behaviors include:</mattext>
      </material>
      <response_lid ident="response1" rcardinality="Single">
        <render_choice>
          <response_label ident="A1">
            <material>
              <mattext texttype="text/plain">Poor school attachment</mattext>
            </material>
          </response_label>
          <response_label ident="A2">
            <material>
              <mattext texttype="text/plain">High impulsivity</mattext>
            </material>
          </response_label>
          <response_label ident="A3">
            <material>
              <mattext texttype="text/plain">Supportive relationships with adults</mattext>
            </material>
          </response_label>
          <response_label ident="A4">
            <material>
              <mattext texttype="text/plain">Peer pressure</mattext>
            </material>
          </response_label>
        </render_choice>
      </response_lid>
    </presentation>
    <resprocessing>
      <outcomes>
        <decvar varname="SCORE" vartype="Decimal" minvalue="0" maxvalue="100" cutvalue="50"/>
      </outcomes>
      <respcondition continue="No">
        <conditionvar>
          <varequal respident="response1">A3</varequal>
        </conditionvar>
        <setvar action="Set">100</setvar>
      </respcondition>
    </resprocessing>
  </item>
  <item ident="q30" title="Question q30">
    <presentation>
      <material>
        <mattext texttype="text/plain">Resilience in adolescence is defined as:</mattext>
      </material>
      <response_lid ident="response1" rcardinality="Single">
        <render_choice>
          <response_label ident="A1">
            <material>
              <mattext texttype="text/plain">Avoiding emotional experience</mattext>
            </material>
          </response_label>
          <response_label ident="A2">
            <material>
              <mattext texttype="text/plain">Lack of any emotional struggle</mattext>
            </material>
          </response_label>
          <response_label ident="A3">
            <material>
              <mattext texttype="text/plain">Positive adaptation despite adversity</mattext>
            </material>
          </response_label>
          <response_label ident="A4">
            <material>
              <mattext texttype="text/plain">Ignoring social influences</mattext>
            </material>
          </response_label>
        </render_choice>
      </response_lid>
    </presentation>
    <resprocessing>
      <outcomes>
        <decvar varname="SCORE" vartype="Decimal" minvalue="0" maxvalue="100" cutvalue="50"/>
      </outcomes>
      <respcondition continue="No">
        <conditionvar>
          <varequal respident="response1">A3</varequal>
        </conditionvar>
        <setvar action="Set">100</setvar>
      </respcondition>
    </resprocessing>
  </item>
</questestinterop>
