<?xml version="1.0" ?>
<questestinterop>
  <item ident="q1" title="Question q1">
    <presentation>
      <material>
        <mattext texttype="text/plain">What does synaptogenesis refer to?</mattext>
      </material>
      <response_lid ident="response1" rcardinality="Single">
        <render_choice>
          <response_label ident="A1">
            <material>
              <mattext texttype="text/plain">Neuron death</mattext>
            </material>
          </response_label>
          <response_label ident="A2">
            <material>
              <mattext texttype="text/plain">Formation of neural connections</mattext>
            </material>
          </response_label>
          <response_label ident="A3">
            <material>
              <mattext texttype="text/plain">Loss of brain mass</mattext>
            </material>
          </response_label>
          <response_label ident="A4">
            <material>
              <mattext texttype="text/plain">Muscle reflexes</mattext>
            </material>
          </response_label>
        </render_choice>
      </response_lid>
    </presentation>
    <resprocessing>
      <outcomes>
        <decvar varname="SCORE" vartype="Decimal" minvalue="0" maxvalue="100" cutvalue="50"/>
      </outcomes>
      <respcondition continue="No">
        <conditionvar>
          <varequal respident="response1">A2</varequal>
        </conditionvar>
        <setvar action="Set">100</setvar>
      </respcondition>
    </resprocessing>
  </item>
  <item ident="q2" title="Question q2">
    <presentation>
      <material>
        <mattext texttype="text/plain">Which behavior indicates the formation of secure attachment?</mattext>
      </material>
      <response_lid ident="response1" rcardinality="Single">
        <render_choice>
          <response_label ident="A1">
            <material>
              <mattext texttype="text/plain">Smiling at strangers</mattext>
            </material>
          </response_label>
          <response_label ident="A2">
            <material>
              <mattext texttype="text/plain">Disinterest in parent return</mattext>
            </material>
          </response_label>
          <response_label ident="A3">
            <material>
              <mattext texttype="text/plain">Seeking proximity to caregiver</mattext>
            </material>
          </response_label>
          <response_label ident="A4">
            <material>
              <mattext texttype="text/plain">Ignoring caregiver</mattext>
            </material>
          </response_label>
        </render_choice>
      </response_lid>
    </presentation>
    <resprocessing>
      <outcomes>
        <decvar varname="SCORE" vartype="Decimal" minvalue="0" maxvalue="100" cutvalue="50"/>
      </outcomes>
      <respcondition continue="No">
        <conditionvar>
          <varequal respident="response1">A3</varequal>
        </conditionvar>
        <setvar action="Set">100</setvar>
      </respcondition>
    </resprocessing>
  </item>
  <item ident="q3" title="Question q3">
    <presentation>
      <material>
        <mattext texttype="text/plain">What type of speech includes high-pitched tones used with infants?</mattext>
      </material>
      <response_lid ident="response1" rcardinality="Single">
        <render_choice>
          <response_label ident="A1">
            <material>
              <mattext texttype="text/plain">Telegraphic speech</mattext>
            </material>
          </response_label>
          <response_label ident="A2">
            <material>
              <mattext texttype="text/plain">Cooing</mattext>
            </material>
          </response_label>
          <response_label ident="A3">
            <material>
              <mattext texttype="text/plain">Infant-directed speech</mattext>
            </material>
          </response_label>
          <response_label ident="A4">
            <material>
              <mattext texttype="text/plain">Holophrastic speech</mattext>
            </material>
          </response_label>
        </render_choice>
      </response_lid>
    </presentation>
    <resprocessing>
      <outcomes>
        <decvar varname="SCORE" vartype="Decimal" minvalue="0" maxvalue="100" cutvalue="50"/>
      </outcomes>
      <respcondition continue="No">
        <conditionvar>
          <varequal respident="response1">A3</varequal>
        </conditionvar>
        <setvar action="Set">100</setvar>
      </respcondition>
    </resprocessing>
  </item>
  <item ident="q4" title="Question q4">
    <presentation>
      <material>
        <mattext texttype="text/plain">Who developed the Strange Situation technique?</mattext>
      </material>
      <response_lid ident="response1" rcardinality="Single">
        <render_choice>
          <response_label ident="A1">
            <material>
              <mattext texttype="text/plain">Erik Erikson</mattext>
            </material>
          </response_label>
          <response_label ident="A2">
            <material>
              <mattext texttype="text/plain">Mary Ainsworth</mattext>
            </material>
          </response_label>
          <response_label ident="A3">
            <material>
              <mattext texttype="text/plain">Jean Piaget</mattext>
            </material>
          </response_label>
          <response_label ident="A4">
            <material>
              <mattext texttype="text/plain">John Bowlby</mattext>
            </material>
          </response_label>
        </render_choice>
      </response_lid>
    </presentation>
    <resprocessing>
      <outcomes>
        <decvar varname="SCORE" vartype="Decimal" minvalue="0" maxvalue="100" cutvalue="50"/>
      </outcomes>
      <respcondition continue="No">
        <conditionvar>
          <varequal respident="response1">A2</varequal>
        </conditionvar>
        <setvar action="Set">100</setvar>
      </respcondition>
    </resprocessing>
  </item>
  <item ident="q5" title="Question q5">
    <presentation>
      <material>
        <mattext texttype="text/plain">What is an example of a holophrase?</mattext>
      </material>
      <response_lid ident="response1" rcardinality="Single">
        <render_choice>
          <response_label ident="A1">
            <material>
              <mattext texttype="text/plain">'ba ba ba'</mattext>
            </material>
          </response_label>
          <response_label ident="A2">
            <material>
              <mattext texttype="text/plain">'Want juice'</mattext>
            </material>
          </response_label>
          <response_label ident="A3">
            <material>
              <mattext texttype="text/plain">'Give toy now'</mattext>
            </material>
          </response_label>
          <response_label ident="A4">
            <material>
              <mattext texttype="text/plain">'Ball' meaning 'I want the ball'</mattext>
            </material>
          </response_label>
        </render_choice>
      </response_lid>
    </presentation>
    <resprocessing>
      <outcomes>
        <decvar varname="SCORE" vartype="Decimal" minvalue="0" maxvalue="100" cutvalue="50"/>
      </outcomes>
      <respcondition continue="No">
        <conditionvar>
          <varequal respident="response1">A4</varequal>
        </conditionvar>
        <setvar action="Set">100</setvar>
      </respcondition>
    </resprocessing>
  </item>
  <item ident="q6" title="Question q6">
    <presentation>
      <material>
        <mattext texttype="text/plain">What is cooing in infant development?</mattext>
      </material>
      <response_lid ident="response1" rcardinality="Single">
        <render_choice>
          <response_label ident="A1">
            <material>
              <mattext texttype="text/plain">Mimicking adult words</mattext>
            </material>
          </response_label>
          <response_label ident="A2">
            <material>
              <mattext texttype="text/plain">Gurgling vowel-like sounds</mattext>
            </material>
          </response_label>
          <response_label ident="A3">
            <material>
              <mattext texttype="text/plain">Crying from discomfort</mattext>
            </material>
          </response_label>
          <response_label ident="A4">
            <material>
              <mattext texttype="text/plain">First steps toward syntax</mattext>
            </material>
          </response_label>
        </render_choice>
      </response_lid>
    </presentation>
    <resprocessing>
      <outcomes>
        <decvar varname="SCORE" vartype="Decimal" minvalue="0" maxvalue="100" cutvalue="50"/>
      </outcomes>
      <respcondition continue="No">
        <conditionvar>
          <varequal respident="response1">A2</varequal>
        </conditionvar>
        <setvar action="Set">100</setvar>
      </respcondition>
    </resprocessing>
  </item>
  <item ident="q7" title="Question q7">
    <presentation>
      <material>
        <mattext texttype="text/plain">Which area of the brain is responsible for language comprehension?</mattext>
      </material>
      <response_lid ident="response1" rcardinality="Single">
        <render_choice>
          <response_label ident="A1">
            <material>
              <mattext texttype="text/plain">Broca’s area</mattext>
            </material>
          </response_label>
          <response_label ident="A2">
            <material>
              <mattext texttype="text/plain">Cerebellum</mattext>
            </material>
          </response_label>
          <response_label ident="A3">
            <material>
              <mattext texttype="text/plain">Wernicke’s area</mattext>
            </material>
          </response_label>
          <response_label ident="A4">
            <material>
              <mattext texttype="text/plain">Occipital lobe</mattext>
            </material>
          </response_label>
        </render_choice>
      </response_lid>
    </presentation>
    <resprocessing>
      <outcomes>
        <decvar varname="SCORE" vartype="Decimal" minvalue="0" maxvalue="100" cutvalue="50"/>
      </outcomes>
      <respcondition continue="No">
        <conditionvar>
          <varequal respident="response1">A3</varequal>
        </conditionvar>
        <setvar action="Set">100</setvar>
      </respcondition>
    </resprocessing>
  </item>
  <item ident="q8" title="Question q8">
    <presentation>
      <material>
        <mattext texttype="text/plain">What emotional response is common during stranger anxiety?</mattext>
      </material>
      <response_lid ident="response1" rcardinality="Single">
        <render_choice>
          <response_label ident="A1">
            <material>
              <mattext texttype="text/plain">Joy</mattext>
            </material>
          </response_label>
          <response_label ident="A2">
            <material>
              <mattext texttype="text/plain">Fear</mattext>
            </material>
          </response_label>
          <response_label ident="A3">
            <material>
              <mattext texttype="text/plain">Anger</mattext>
            </material>
          </response_label>
          <response_label ident="A4">
            <material>
              <mattext texttype="text/plain">Excitement</mattext>
            </material>
          </response_label>
        </render_choice>
      </response_lid>
    </presentation>
    <resprocessing>
      <outcomes>
        <decvar varname="SCORE" vartype="Decimal" minvalue="0" maxvalue="100" cutvalue="50"/>
      </outcomes>
      <respcondition continue="No">
        <conditionvar>
          <varequal respident="response1">A2</varequal>
        </conditionvar>
        <setvar action="Set">100</setvar>
      </respcondition>
    </resprocessing>
  </item>
  <item ident="q9" title="Question q9">
    <presentation>
      <material>
        <mattext texttype="text/plain">Which psychologist emphasized the importance of a secure base?</mattext>
      </material>
      <response_lid ident="response1" rcardinality="Single">
        <render_choice>
          <response_label ident="A1">
            <material>
              <mattext texttype="text/plain">Skinner</mattext>
            </material>
          </response_label>
          <response_label ident="A2">
            <material>
              <mattext texttype="text/plain">Bandura</mattext>
            </material>
          </response_label>
          <response_label ident="A3">
            <material>
              <mattext texttype="text/plain">Bowlby</mattext>
            </material>
          </response_label>
          <response_label ident="A4">
            <material>
              <mattext texttype="text/plain">Vygotsky</mattext>
            </material>
          </response_label>
        </render_choice>
      </response_lid>
    </presentation>
    <resprocessing>
      <outcomes>
        <decvar varname="SCORE" vartype="Decimal" minvalue="0" maxvalue="100" cutvalue="50"/>
      </outcomes>
      <respcondition continue="No">
        <conditionvar>
          <varequal respident="response1">A3</varequal>
        </conditionvar>
        <setvar action="Set">100</setvar>
      </respcondition>
    </resprocessing>
  </item>
  <item ident="q10" title="Question q10">
    <presentation>
      <material>
        <mattext texttype="text/plain">What does the term 'babbling' refer to?</mattext>
      </material>
      <response_lid ident="response1" rcardinality="Single">
        <render_choice>
          <response_label ident="A1">
            <material>
              <mattext texttype="text/plain">Using full sentences</mattext>
            </material>
          </response_label>
          <response_label ident="A2">
            <material>
              <mattext texttype="text/plain">Making consonant-vowel sounds</mattext>
            </material>
          </response_label>
          <response_label ident="A3">
            <material>
              <mattext texttype="text/plain">Pointing and gesturing</mattext>
            </material>
          </response_label>
          <response_label ident="A4">
            <material>
              <mattext texttype="text/plain">Crying at night</mattext>
            </material>
          </response_label>
        </render_choice>
      </response_lid>
    </presentation>
    <resprocessing>
      <outcomes>
        <decvar varname="SCORE" vartype="Decimal" minvalue="0" maxvalue="100" cutvalue="50"/>
      </outcomes>
      <respcondition continue="No">
        <conditionvar>
          <varequal respident="response1">A2</varequal>
        </conditionvar>
        <setvar action="Set">100</setvar>
      </respcondition>
    </resprocessing>
  </item>
  <item ident="q11" title="Question q11">
    <presentation>
      <material>
        <mattext texttype="text/plain">Which theory argues for an innate ability to learn language?</mattext>
      </material>
      <response_lid ident="response1" rcardinality="Single">
        <render_choice>
          <response_label ident="A1">
            <material>
              <mattext texttype="text/plain">Learning theory</mattext>
            </material>
          </response_label>
          <response_label ident="A2">
            <material>
              <mattext texttype="text/plain">Social-pragmatic theory</mattext>
            </material>
          </response_label>
          <response_label ident="A3">
            <material>
              <mattext texttype="text/plain">Nativist theory</mattext>
            </material>
          </response_label>
          <response_label ident="A4">
            <material>
              <mattext texttype="text/plain">Behaviorism</mattext>
            </material>
          </response_label>
        </render_choice>
      </response_lid>
    </presentation>
    <resprocessing>
      <outcomes>
        <decvar varname="SCORE" vartype="Decimal" minvalue="0" maxvalue="100" cutvalue="50"/>
      </outcomes>
      <respcondition continue="No">
        <conditionvar>
          <varequal respident="response1">A3</varequal>
        </conditionvar>
        <setvar action="Set">100</setvar>
      </respcondition>
    </resprocessing>
  </item>
  <item ident="q12" title="Question q12">
    <presentation>
      <material>
        <mattext texttype="text/plain">What is a critical period in development?</mattext>
      </material>
      <response_lid ident="response1" rcardinality="Single">
        <render_choice>
          <response_label ident="A1">
            <material>
              <mattext texttype="text/plain">A time when growth is slow</mattext>
            </material>
          </response_label>
          <response_label ident="A2">
            <material>
              <mattext texttype="text/plain">A window of vulnerability to illness</mattext>
            </material>
          </response_label>
          <response_label ident="A3">
            <material>
              <mattext texttype="text/plain">A time when a skill must be acquired</mattext>
            </material>
          </response_label>
          <response_label ident="A4">
            <material>
              <mattext texttype="text/plain">A school testing phase</mattext>
            </material>
          </response_label>
        </render_choice>
      </response_lid>
    </presentation>
    <resprocessing>
      <outcomes>
        <decvar varname="SCORE" vartype="Decimal" minvalue="0" maxvalue="100" cutvalue="50"/>
      </outcomes>
      <respcondition continue="No">
        <conditionvar>
          <varequal respident="response1">A3</varequal>
        </conditionvar>
        <setvar action="Set">100</setvar>
      </respcondition>
    </resprocessing>
  </item>
  <item ident="q13" title="Question q13">
    <presentation>
      <material>
        <mattext texttype="text/plain">Which of the following is a two-word utterance?</mattext>
      </material>
      <response_lid ident="response1" rcardinality="Single">
        <render_choice>
          <response_label ident="A1">
            <material>
              <mattext texttype="text/plain">‘Mommy sock’</mattext>
            </material>
          </response_label>
          <response_label ident="A2">
            <material>
              <mattext texttype="text/plain">‘Socks’</mattext>
            </material>
          </response_label>
          <response_label ident="A3">
            <material>
              <mattext texttype="text/plain">‘Sssaaa’</mattext>
            </material>
          </response_label>
          <response_label ident="A4">
            <material>
              <mattext texttype="text/plain">‘ba ba ba’</mattext>
            </material>
          </response_label>
        </render_choice>
      </response_lid>
    </presentation>
    <resprocessing>
      <outcomes>
        <decvar varname="SCORE" vartype="Decimal" minvalue="0" maxvalue="100" cutvalue="50"/>
      </outcomes>
      <respcondition continue="No">
        <conditionvar>
          <varequal respident="response1">A1</varequal>
        </conditionvar>
        <setvar action="Set">100</setvar>
      </respcondition>
    </resprocessing>
  </item>
  <item ident="q14" title="Question q14">
    <presentation>
      <material>
        <mattext texttype="text/plain">What is overextension in language use?</mattext>
      </material>
      <response_lid ident="response1" rcardinality="Single">
        <render_choice>
          <response_label ident="A1">
            <material>
              <mattext texttype="text/plain">Using new grammar</mattext>
            </material>
          </response_label>
          <response_label ident="A2">
            <material>
              <mattext texttype="text/plain">Applying a word too broadly</mattext>
            </material>
          </response_label>
          <response_label ident="A3">
            <material>
              <mattext texttype="text/plain">Using only gestures</mattext>
            </material>
          </response_label>
          <response_label ident="A4">
            <material>
              <mattext texttype="text/plain">Repeating words</mattext>
            </material>
          </response_label>
        </render_choice>
      </response_lid>
    </presentation>
    <resprocessing>
      <outcomes>
        <decvar varname="SCORE" vartype="Decimal" minvalue="0" maxvalue="100" cutvalue="50"/>
      </outcomes>
      <respcondition continue="No">
        <conditionvar>
          <varequal respident="response1">A2</varequal>
        </conditionvar>
        <setvar action="Set">100</setvar>
      </respcondition>
    </resprocessing>
  </item>
  <item ident="q15" title="Question q15">
    <presentation>
      <material>
        <mattext texttype="text/plain">Which attachment style is marked by indifference to the caregiver?</mattext>
      </material>
      <response_lid ident="response1" rcardinality="Single">
        <render_choice>
          <response_label ident="A1">
            <material>
              <mattext texttype="text/plain">Secure</mattext>
            </material>
          </response_label>
          <response_label ident="A2">
            <material>
              <mattext texttype="text/plain">Avoidant</mattext>
            </material>
          </response_label>
          <response_label ident="A3">
            <material>
              <mattext texttype="text/plain">Resistant</mattext>
            </material>
          </response_label>
          <response_label ident="A4">
            <material>
              <mattext texttype="text/plain">Disorganized</mattext>
            </material>
          </response_label>
        </render_choice>
      </response_lid>
    </presentation>
    <resprocessing>
      <outcomes>
        <decvar varname="SCORE" vartype="Decimal" minvalue="0" maxvalue="100" cutvalue="50"/>
      </outcomes>
      <respcondition continue="No">
        <conditionvar>
          <varequal respident="response1">A2</varequal>
        </conditionvar>
        <setvar action="Set">100</setvar>
      </respcondition>
    </resprocessing>
  </item>
  <item ident="q16" title="Question q16">
    <presentation>
      <material>
        <mattext texttype="text/plain">What does 'telegraphic speech' omit?</mattext>
      </material>
      <response_lid ident="response1" rcardinality="Single">
        <render_choice>
          <response_label ident="A1">
            <material>
              <mattext texttype="text/plain">Verbs</mattext>
            </material>
          </response_label>
          <response_label ident="A2">
            <material>
              <mattext texttype="text/plain">Meaning</mattext>
            </material>
          </response_label>
          <response_label ident="A3">
            <material>
              <mattext texttype="text/plain">Function words</mattext>
            </material>
          </response_label>
          <response_label ident="A4">
            <material>
              <mattext texttype="text/plain">Nouns</mattext>
            </material>
          </response_label>
        </render_choice>
      </response_lid>
    </presentation>
    <resprocessing>
      <outcomes>
        <decvar varname="SCORE" vartype="Decimal" minvalue="0" maxvalue="100" cutvalue="50"/>
      </outcomes>
      <respcondition continue="No">
        <conditionvar>
          <varequal respident="response1">A3</varequal>
        </conditionvar>
        <setvar action="Set">100</setvar>
      </respcondition>
    </resprocessing>
  </item>
  <item ident="q17" title="Question q17">
    <presentation>
      <material>
        <mattext texttype="text/plain">According to Erikson, what is the conflict in infancy?</mattext>
      </material>
      <response_lid ident="response1" rcardinality="Single">
        <render_choice>
          <response_label ident="A1">
            <material>
              <mattext texttype="text/plain">Autonomy vs. shame</mattext>
            </material>
          </response_label>
          <response_label ident="A2">
            <material>
              <mattext texttype="text/plain">Trust vs. mistrust</mattext>
            </material>
          </response_label>
          <response_label ident="A3">
            <material>
              <mattext texttype="text/plain">Initiative vs. guilt</mattext>
            </material>
          </response_label>
          <response_label ident="A4">
            <material>
              <mattext texttype="text/plain">Identity vs. role confusion</mattext>
            </material>
          </response_label>
        </render_choice>
      </response_lid>
    </presentation>
    <resprocessing>
      <outcomes>
        <decvar varname="SCORE" vartype="Decimal" minvalue="0" maxvalue="100" cutvalue="50"/>
      </outcomes>
      <respcondition continue="No">
        <conditionvar>
          <varequal respident="response1">A2</varequal>
        </conditionvar>
        <setvar action="Set">100</setvar>
      </respcondition>
    </resprocessing>
  </item>
  <item ident="q18" title="Question q18">
    <presentation>
      <material>
        <mattext texttype="text/plain">What does the learning theory emphasize for language acquisition?</mattext>
      </material>
      <response_lid ident="response1" rcardinality="Single">
        <render_choice>
          <response_label ident="A1">
            <material>
              <mattext texttype="text/plain">Reinforcement and imitation</mattext>
            </material>
          </response_label>
          <response_label ident="A2">
            <material>
              <mattext texttype="text/plain">Language modules in the brain</mattext>
            </material>
          </response_label>
          <response_label ident="A3">
            <material>
              <mattext texttype="text/plain">Social cues</mattext>
            </material>
          </response_label>
          <response_label ident="A4">
            <material>
              <mattext texttype="text/plain">Genetic factors only</mattext>
            </material>
          </response_label>
        </render_choice>
      </response_lid>
    </presentation>
    <resprocessing>
      <outcomes>
        <decvar varname="SCORE" vartype="Decimal" minvalue="0" maxvalue="100" cutvalue="50"/>
      </outcomes>
      <respcondition continue="No">
        <conditionvar>
          <varequal respident="response1">A1</varequal>
        </conditionvar>
        <setvar action="Set">100</setvar>
      </respcondition>
    </resprocessing>
  </item>
  <item ident="q19" title="Question q19">
    <presentation>
      <material>
        <mattext texttype="text/plain">What is the role of infant-directed speech?</mattext>
      </material>
      <response_lid ident="response1" rcardinality="Single">
        <render_choice>
          <response_label ident="A1">
            <material>
              <mattext texttype="text/plain">Hinders development</mattext>
            </material>
          </response_label>
          <response_label ident="A2">
            <material>
              <mattext texttype="text/plain">Causes confusion</mattext>
            </material>
          </response_label>
          <response_label ident="A3">
            <material>
              <mattext texttype="text/plain">Supports language acquisition</mattext>
            </material>
          </response_label>
          <response_label ident="A4">
            <material>
              <mattext texttype="text/plain">Delays milestones</mattext>
            </material>
          </response_label>
        </render_choice>
      </response_lid>
    </presentation>
    <resprocessing>
      <outcomes>
        <decvar varname="SCORE" vartype="Decimal" minvalue="0" maxvalue="100" cutvalue="50"/>
      </outcomes>
      <respcondition continue="No">
        <conditionvar>
          <varequal respident="response1">A3</varequal>
        </conditionvar>
        <setvar action="Set">100</setvar>
      </respcondition>
    </resprocessing>
  </item>
  <item ident="q20" title="Question q20">
    <presentation>
      <material>
        <mattext texttype="text/plain">What does ‘underextension’ mean?</mattext>
      </material>
      <response_lid ident="response1" rcardinality="Single">
        <render_choice>
          <response_label ident="A1">
            <material>
              <mattext texttype="text/plain">Using a word for too many objects</mattext>
            </material>
          </response_label>
          <response_label ident="A2">
            <material>
              <mattext texttype="text/plain">Using words incorrectly</mattext>
            </material>
          </response_label>
          <response_label ident="A3">
            <material>
              <mattext texttype="text/plain">Limiting a word to fewer objects than appropriate</mattext>
            </material>
          </response_label>
          <response_label ident="A4">
            <material>
              <mattext texttype="text/plain">Not using words at all</mattext>
            </material>
          </response_label>
        </render_choice>
      </response_lid>
    </presentation>
    <resprocessing>
      <outcomes>
        <decvar varname="SCORE" vartype="Decimal" minvalue="0" maxvalue="100" cutvalue="50"/>
      </outcomes>
      <respcondition continue="No">
        <conditionvar>
          <varequal respident="response1">A3</varequal>
        </conditionvar>
        <setvar action="Set">100</setvar>
      </respcondition>
    </resprocessing>
  </item>
  <item ident="q21" title="Question q21">
    <presentation>
      <material>
        <mattext texttype="text/plain">Which area of the brain is responsible for speech production?</mattext>
      </material>
      <response_lid ident="response1" rcardinality="Single">
        <render_choice>
          <response_label ident="A1">
            <material>
              <mattext texttype="text/plain">Wernicke’s area</mattext>
            </material>
          </response_label>
          <response_label ident="A2">
            <material>
              <mattext texttype="text/plain">Occipital lobe</mattext>
            </material>
          </response_label>
          <response_label ident="A3">
            <material>
              <mattext texttype="text/plain">Broca’s area</mattext>
            </material>
          </response_label>
          <response_label ident="A4">
            <material>
              <mattext texttype="text/plain">Parietal lobe</mattext>
            </material>
          </response_label>
        </render_choice>
      </response_lid>
    </presentation>
    <resprocessing>
      <outcomes>
        <decvar varname="SCORE" vartype="Decimal" minvalue="0" maxvalue="100" cutvalue="50"/>
      </outcomes>
      <respcondition continue="No">
        <conditionvar>
          <varequal respident="response1">A3</varequal>
        </conditionvar>
        <setvar action="Set">100</setvar>
      </respcondition>
    </resprocessing>
  </item>
  <item ident="q22" title="Question q22">
    <presentation>
      <material>
        <mattext texttype="text/plain">What is the first stage of vocal development?</mattext>
      </material>
      <response_lid ident="response1" rcardinality="Single">
        <render_choice>
          <response_label ident="A1">
            <material>
              <mattext texttype="text/plain">Babbling</mattext>
            </material>
          </response_label>
          <response_label ident="A2">
            <material>
              <mattext texttype="text/plain">Two-word speech</mattext>
            </material>
          </response_label>
          <response_label ident="A3">
            <material>
              <mattext texttype="text/plain">Cooing</mattext>
            </material>
          </response_label>
          <response_label ident="A4">
            <material>
              <mattext texttype="text/plain">Holophrasing</mattext>
            </material>
          </response_label>
        </render_choice>
      </response_lid>
    </presentation>
    <resprocessing>
      <outcomes>
        <decvar varname="SCORE" vartype="Decimal" minvalue="0" maxvalue="100" cutvalue="50"/>
      </outcomes>
      <respcondition continue="No">
        <conditionvar>
          <varequal respident="response1">A3</varequal>
        </conditionvar>
        <setvar action="Set">100</setvar>
      </respcondition>
    </resprocessing>
  </item>
  <item ident="q23" title="Question q23">
    <presentation>
      <material>
        <mattext texttype="text/plain">Which attachment style is linked to inconsistent caregiver behavior?</mattext>
      </material>
      <response_lid ident="response1" rcardinality="Single">
        <render_choice>
          <response_label ident="A1">
            <material>
              <mattext texttype="text/plain">Secure</mattext>
            </material>
          </response_label>
          <response_label ident="A2">
            <material>
              <mattext texttype="text/plain">Avoidant</mattext>
            </material>
          </response_label>
          <response_label ident="A3">
            <material>
              <mattext texttype="text/plain">Resistant</mattext>
            </material>
          </response_label>
          <response_label ident="A4">
            <material>
              <mattext texttype="text/plain">Autonomous</mattext>
            </material>
          </response_label>
        </render_choice>
      </response_lid>
    </presentation>
    <resprocessing>
      <outcomes>
        <decvar varname="SCORE" vartype="Decimal" minvalue="0" maxvalue="100" cutvalue="50"/>
      </outcomes>
      <respcondition continue="No">
        <conditionvar>
          <varequal respident="response1">A3</varequal>
        </conditionvar>
        <setvar action="Set">100</setvar>
      </respcondition>
    </resprocessing>
  </item>
  <item ident="q24" title="Question q24">
    <presentation>
      <material>
        <mattext texttype="text/plain">What cognitive skill aids infants in connecting sounds to meaning?</mattext>
      </material>
      <response_lid ident="response1" rcardinality="Single">
        <render_choice>
          <response_label ident="A1">
            <material>
              <mattext texttype="text/plain">Memory</mattext>
            </material>
          </response_label>
          <response_label ident="A2">
            <material>
              <mattext texttype="text/plain">Vision</mattext>
            </material>
          </response_label>
          <response_label ident="A3">
            <material>
              <mattext texttype="text/plain">Syntax</mattext>
            </material>
          </response_label>
          <response_label ident="A4">
            <material>
              <mattext texttype="text/plain">Social referencing</mattext>
            </material>
          </response_label>
        </render_choice>
      </response_lid>
    </presentation>
    <resprocessing>
      <outcomes>
        <decvar varname="SCORE" vartype="Decimal" minvalue="0" maxvalue="100" cutvalue="50"/>
      </outcomes>
      <respcondition continue="No">
        <conditionvar>
          <varequal respident="response1">A4</varequal>
        </conditionvar>
        <setvar action="Set">100</setvar>
      </respcondition>
    </resprocessing>
  </item>
  <item ident="q25" title="Question q25">
    <presentation>
      <material>
        <mattext texttype="text/plain">Which type of vocalization appears around 6–8 months?</mattext>
      </material>
      <response_lid ident="response1" rcardinality="Single">
        <render_choice>
          <response_label ident="A1">
            <material>
              <mattext texttype="text/plain">Cooing</mattext>
            </material>
          </response_label>
          <response_label ident="A2">
            <material>
              <mattext texttype="text/plain">Telegraphic speech</mattext>
            </material>
          </response_label>
          <response_label ident="A3">
            <material>
              <mattext texttype="text/plain">Gesturing</mattext>
            </material>
          </response_label>
          <response_label ident="A4">
            <material>
              <mattext texttype="text/plain">Babbling</mattext>
            </material>
          </response_label>
        </render_choice>
      </response_lid>
    </presentation>
    <resprocessing>
      <outcomes>
        <decvar varname="SCORE" vartype="Decimal" minvalue="0" maxvalue="100" cutvalue="50"/>
      </outcomes>
      <respcondition continue="No">
        <conditionvar>
          <varequal respident="response1">A4</varequal>
        </conditionvar>
        <setvar action="Set">100</setvar>
      </respcondition>
    </resprocessing>
  </item>
  <item ident="q26" title="Question q26">
    <presentation>
      <material>
        <mattext texttype="text/plain">What does the term ‘gesturing’ involve?</mattext>
      </material>
      <response_lid ident="response1" rcardinality="Single">
        <render_choice>
          <response_label ident="A1">
            <material>
              <mattext texttype="text/plain">Spoken words</mattext>
            </material>
          </response_label>
          <response_label ident="A2">
            <material>
              <mattext texttype="text/plain">Facial expressions</mattext>
            </material>
          </response_label>
          <response_label ident="A3">
            <material>
              <mattext texttype="text/plain">Use of body movements to communicate</mattext>
            </material>
          </response_label>
          <response_label ident="A4">
            <material>
              <mattext texttype="text/plain">Grammar learning</mattext>
            </material>
          </response_label>
        </render_choice>
      </response_lid>
    </presentation>
    <resprocessing>
      <outcomes>
        <decvar varname="SCORE" vartype="Decimal" minvalue="0" maxvalue="100" cutvalue="50"/>
      </outcomes>
      <respcondition continue="No">
        <conditionvar>
          <varequal respident="response1">A3</varequal>
        </conditionvar>
        <setvar action="Set">100</setvar>
      </respcondition>
    </resprocessing>
  </item>
  <item ident="q27" title="Question q27">
    <presentation>
      <material>
        <mattext texttype="text/plain">Which hemisphere is primarily associated with language?</mattext>
      </material>
      <response_lid ident="response1" rcardinality="Single">
        <render_choice>
          <response_label ident="A1">
            <material>
              <mattext texttype="text/plain">Right</mattext>
            </material>
          </response_label>
          <response_label ident="A2">
            <material>
              <mattext texttype="text/plain">Left</mattext>
            </material>
          </response_label>
          <response_label ident="A3">
            <material>
              <mattext texttype="text/plain">Both equally</mattext>
            </material>
          </response_label>
          <response_label ident="A4">
            <material>
              <mattext texttype="text/plain">Frontal</mattext>
            </material>
          </response_label>
        </render_choice>
      </response_lid>
    </presentation>
    <resprocessing>
      <outcomes>
        <decvar varname="SCORE" vartype="Decimal" minvalue="0" maxvalue="100" cutvalue="50"/>
      </outcomes>
      <respcondition continue="No">
        <conditionvar>
          <varequal respident="response1">A2</varequal>
        </conditionvar>
        <setvar action="Set">100</setvar>
      </respcondition>
    </resprocessing>
  </item>
  <item ident="q28" title="Question q28">
    <presentation>
      <material>
        <mattext texttype="text/plain">What is an example of intentional vocalization?</mattext>
      </material>
      <response_lid ident="response1" rcardinality="Single">
        <render_choice>
          <response_label ident="A1">
            <material>
              <mattext texttype="text/plain">Reflex cry</mattext>
            </material>
          </response_label>
          <response_label ident="A2">
            <material>
              <mattext texttype="text/plain">Sucking sound</mattext>
            </material>
          </response_label>
          <response_label ident="A3">
            <material>
              <mattext texttype="text/plain">Purposeful babble</mattext>
            </material>
          </response_label>
          <response_label ident="A4">
            <material>
              <mattext texttype="text/plain">Sleep murmur</mattext>
            </material>
          </response_label>
        </render_choice>
      </response_lid>
    </presentation>
    <resprocessing>
      <outcomes>
        <decvar varname="SCORE" vartype="Decimal" minvalue="0" maxvalue="100" cutvalue="50"/>
      </outcomes>
      <respcondition continue="No">
        <conditionvar>
          <varequal respident="response1">A3</varequal>
        </conditionvar>
        <setvar action="Set">100</setvar>
      </respcondition>
    </resprocessing>
  </item>
  <item ident="q29" title="Question q29">
    <presentation>
      <material>
        <mattext texttype="text/plain">What is the function of pragmatics in language?</mattext>
      </material>
      <response_lid ident="response1" rcardinality="Single">
        <render_choice>
          <response_label ident="A1">
            <material>
              <mattext texttype="text/plain">Rules of grammar</mattext>
            </material>
          </response_label>
          <response_label ident="A2">
            <material>
              <mattext texttype="text/plain">Contextual use of language</mattext>
            </material>
          </response_label>
          <response_label ident="A3">
            <material>
              <mattext texttype="text/plain">Word meanings</mattext>
            </material>
          </response_label>
          <response_label ident="A4">
            <material>
              <mattext texttype="text/plain">Syntax errors</mattext>
            </material>
          </response_label>
        </render_choice>
      </response_lid>
    </presentation>
    <resprocessing>
      <outcomes>
        <decvar varname="SCORE" vartype="Decimal" minvalue="0" maxvalue="100" cutvalue="50"/>
      </outcomes>
      <respcondition continue="No">
        <conditionvar>
          <varequal respident="response1">A2</varequal>
        </conditionvar>
        <setvar action="Set">100</setvar>
      </respcondition>
    </resprocessing>
  </item>
  <item ident="q30" title="Question q30">
    <presentation>
      <material>
        <mattext texttype="text/plain">What happens during the 'trust vs. mistrust' stage?</mattext>
      </material>
      <response_lid ident="response1" rcardinality="Single">
        <render_choice>
          <response_label ident="A1">
            <material>
              <mattext texttype="text/plain">Language begins</mattext>
            </material>
          </response_label>
          <response_label ident="A2">
            <material>
              <mattext texttype="text/plain">The infant forms attachment</mattext>
            </material>
          </response_label>
          <response_label ident="A3">
            <material>
              <mattext texttype="text/plain">Walking begins</mattext>
            </material>
          </response_label>
          <response_label ident="A4">
            <material>
              <mattext texttype="text/plain">School starts</mattext>
            </material>
          </response_label>
        </render_choice>
      </response_lid>
    </presentation>
    <resprocessing>
      <outcomes>
        <decvar varname="SCORE" vartype="Decimal" minvalue="0" maxvalue="100" cutvalue="50"/>
      </outcomes>
      <respcondition continue="No">
        <conditionvar>
          <varequal respident="response1">A2</varequal>
        </conditionvar>
        <setvar action="Set">100</setvar>
      </respcondition>
    </resprocessing>
  </item>
</questestinterop>
