<?xml version="1.0" ?>
<questestinterop>
  <item ident="q51" title="Question q51">
    <presentation>
      <material>
        <mattext texttype="text/plain">Which evidence supports the existence of a critical period for language?</mattext>
      </material>
      <response_lid ident="response1" rcardinality="Single">
        <render_choice>
          <response_label ident="A1">
            <material>
              <mattext texttype="text/plain">Rapid vocabulary growth in toddlers</mattext>
            </material>
          </response_label>
          <response_label ident="A2">
            <material>
              <mattext texttype="text/plain">Language delay in neglected children</mattext>
            </material>
          </response_label>
          <response_label ident="A3">
            <material>
              <mattext texttype="text/plain">All children babble</mattext>
            </material>
          </response_label>
          <response_label ident="A4">
            <material>
              <mattext texttype="text/plain">Adults can’t learn grammar</mattext>
            </material>
          </response_label>
        </render_choice>
      </response_lid>
    </presentation>
    <resprocessing>
      <outcomes>
        <decvar varname="SCORE" vartype="Decimal" minvalue="0" maxvalue="100" cutvalue="50"/>
      </outcomes>
      <respcondition continue="No">
        <conditionvar>
          <varequal respident="response1">A2</varequal>
        </conditionvar>
        <setvar action="Set">100</setvar>
      </respcondition>
    </resprocessing>
  </item>
  <item ident="q52" title="Question q52">
    <presentation>
      <material>
        <mattext texttype="text/plain">Which attachment style is most often linked to later behavioral problems?</mattext>
      </material>
      <response_lid ident="response1" rcardinality="Single">
        <render_choice>
          <response_label ident="A1">
            <material>
              <mattext texttype="text/plain">Secure</mattext>
            </material>
          </response_label>
          <response_label ident="A2">
            <material>
              <mattext texttype="text/plain">Avoidant</mattext>
            </material>
          </response_label>
          <response_label ident="A3">
            <material>
              <mattext texttype="text/plain">Disorganized</mattext>
            </material>
          </response_label>
          <response_label ident="A4">
            <material>
              <mattext texttype="text/plain">Resistant</mattext>
            </material>
          </response_label>
        </render_choice>
      </response_lid>
    </presentation>
    <resprocessing>
      <outcomes>
        <decvar varname="SCORE" vartype="Decimal" minvalue="0" maxvalue="100" cutvalue="50"/>
      </outcomes>
      <respcondition continue="No">
        <conditionvar>
          <varequal respident="response1">A3</varequal>
        </conditionvar>
        <setvar action="Set">100</setvar>
      </respcondition>
    </resprocessing>
  </item>
  <item ident="q53" title="Question q53">
    <presentation>
      <material>
        <mattext texttype="text/plain">How does nativist theory explain cross-cultural language milestones?</mattext>
      </material>
      <response_lid ident="response1" rcardinality="Single">
        <render_choice>
          <response_label ident="A1">
            <material>
              <mattext texttype="text/plain">Culture has no role in learning</mattext>
            </material>
          </response_label>
          <response_label ident="A2">
            <material>
              <mattext texttype="text/plain">Universal grammar underlies all languages</mattext>
            </material>
          </response_label>
          <response_label ident="A3">
            <material>
              <mattext texttype="text/plain">Children learn from reinforcement</mattext>
            </material>
          </response_label>
          <response_label ident="A4">
            <material>
              <mattext texttype="text/plain">Genetics determine speech rate</mattext>
            </material>
          </response_label>
        </render_choice>
      </response_lid>
    </presentation>
    <resprocessing>
      <outcomes>
        <decvar varname="SCORE" vartype="Decimal" minvalue="0" maxvalue="100" cutvalue="50"/>
      </outcomes>
      <respcondition continue="No">
        <conditionvar>
          <varequal respident="response1">A2</varequal>
        </conditionvar>
        <setvar action="Set">100</setvar>
      </respcondition>
    </resprocessing>
  </item>
  <item ident="q54" title="Question q54">
    <presentation>
      <material>
        <mattext texttype="text/plain">What outcome is most likely if a child misses the critical period for language exposure?</mattext>
      </material>
      <response_lid ident="response1" rcardinality="Single">
        <render_choice>
          <response_label ident="A1">
            <material>
              <mattext texttype="text/plain">Rapid catch-up later</mattext>
            </material>
          </response_label>
          <response_label ident="A2">
            <material>
              <mattext texttype="text/plain">Normal development</mattext>
            </material>
          </response_label>
          <response_label ident="A3">
            <material>
              <mattext texttype="text/plain">Persistent grammatical deficits</mattext>
            </material>
          </response_label>
          <response_label ident="A4">
            <material>
              <mattext texttype="text/plain">Increased vocabulary</mattext>
            </material>
          </response_label>
        </render_choice>
      </response_lid>
    </presentation>
    <resprocessing>
      <outcomes>
        <decvar varname="SCORE" vartype="Decimal" minvalue="0" maxvalue="100" cutvalue="50"/>
      </outcomes>
      <respcondition continue="No">
        <conditionvar>
          <varequal respident="response1">A3</varequal>
        </conditionvar>
        <setvar action="Set">100</setvar>
      </respcondition>
    </resprocessing>
  </item>
  <item ident="q55" title="Question q55">
    <presentation>
      <material>
        <mattext texttype="text/plain">Which of the following is evidence for a social-pragmatic view of language acquisition?</mattext>
      </material>
      <response_lid ident="response1" rcardinality="Single">
        <render_choice>
          <response_label ident="A1">
            <material>
              <mattext texttype="text/plain">Universal grammar</mattext>
            </material>
          </response_label>
          <response_label ident="A2">
            <material>
              <mattext texttype="text/plain">Child responds to caregiver's gaze and speech</mattext>
            </material>
          </response_label>
          <response_label ident="A3">
            <material>
              <mattext texttype="text/plain">Use of conditioned reinforcement</mattext>
            </material>
          </response_label>
          <response_label ident="A4">
            <material>
              <mattext texttype="text/plain">Lack of errors in child speech</mattext>
            </material>
          </response_label>
        </render_choice>
      </response_lid>
    </presentation>
    <resprocessing>
      <outcomes>
        <decvar varname="SCORE" vartype="Decimal" minvalue="0" maxvalue="100" cutvalue="50"/>
      </outcomes>
      <respcondition continue="No">
        <conditionvar>
          <varequal respident="response1">A2</varequal>
        </conditionvar>
        <setvar action="Set">100</setvar>
      </respcondition>
    </resprocessing>
  </item>
  <item ident="q56" title="Question q56">
    <presentation>
      <material>
        <mattext texttype="text/plain">What distinguishes surface structure from deep structure in Chomsky’s theory?</mattext>
      </material>
      <response_lid ident="response1" rcardinality="Single">
        <render_choice>
          <response_label ident="A1">
            <material>
              <mattext texttype="text/plain">Sound vs. meaning</mattext>
            </material>
          </response_label>
          <response_label ident="A2">
            <material>
              <mattext texttype="text/plain">Phoneme vs. morpheme</mattext>
            </material>
          </response_label>
          <response_label ident="A3">
            <material>
              <mattext texttype="text/plain">Syntax vs. grammar</mattext>
            </material>
          </response_label>
          <response_label ident="A4">
            <material>
              <mattext texttype="text/plain">Speech vs. writing</mattext>
            </material>
          </response_label>
        </render_choice>
      </response_lid>
    </presentation>
    <resprocessing>
      <outcomes>
        <decvar varname="SCORE" vartype="Decimal" minvalue="0" maxvalue="100" cutvalue="50"/>
      </outcomes>
      <respcondition continue="No">
        <conditionvar>
          <varequal respident="response1">A1</varequal>
        </conditionvar>
        <setvar action="Set">100</setvar>
      </respcondition>
    </resprocessing>
  </item>
  <item ident="q57" title="Question q57">
    <presentation>
      <material>
        <mattext texttype="text/plain">Which behavior reflects an internal working model at play?</mattext>
      </material>
      <response_lid ident="response1" rcardinality="Single">
        <render_choice>
          <response_label ident="A1">
            <material>
              <mattext texttype="text/plain">Turning away from stranger</mattext>
            </material>
          </response_label>
          <response_label ident="A2">
            <material>
              <mattext texttype="text/plain">Repeating words</mattext>
            </material>
          </response_label>
          <response_label ident="A3">
            <material>
              <mattext texttype="text/plain">Seeking comfort when scared</mattext>
            </material>
          </response_label>
          <response_label ident="A4">
            <material>
              <mattext texttype="text/plain">Crying after loud noise</mattext>
            </material>
          </response_label>
        </render_choice>
      </response_lid>
    </presentation>
    <resprocessing>
      <outcomes>
        <decvar varname="SCORE" vartype="Decimal" minvalue="0" maxvalue="100" cutvalue="50"/>
      </outcomes>
      <respcondition continue="No">
        <conditionvar>
          <varequal respident="response1">A3</varequal>
        </conditionvar>
        <setvar action="Set">100</setvar>
      </respcondition>
    </resprocessing>
  </item>
  <item ident="q58" title="Question q58">
    <presentation>
      <material>
        <mattext texttype="text/plain">What does the presence of gesture before speech suggest about communication development?</mattext>
      </material>
      <response_lid ident="response1" rcardinality="Single">
        <render_choice>
          <response_label ident="A1">
            <material>
              <mattext texttype="text/plain">Speech causes gestures</mattext>
            </material>
          </response_label>
          <response_label ident="A2">
            <material>
              <mattext texttype="text/plain">Language is purely auditory</mattext>
            </material>
          </response_label>
          <response_label ident="A3">
            <material>
              <mattext texttype="text/plain">Gestures scaffold verbal expression</mattext>
            </material>
          </response_label>
          <response_label ident="A4">
            <material>
              <mattext texttype="text/plain">Gestures delay spoken word use</mattext>
            </material>
          </response_label>
        </render_choice>
      </response_lid>
    </presentation>
    <resprocessing>
      <outcomes>
        <decvar varname="SCORE" vartype="Decimal" minvalue="0" maxvalue="100" cutvalue="50"/>
      </outcomes>
      <respcondition continue="No">
        <conditionvar>
          <varequal respident="response1">A3</varequal>
        </conditionvar>
        <setvar action="Set">100</setvar>
      </respcondition>
    </resprocessing>
  </item>
  <item ident="q59" title="Question q59">
    <presentation>
      <material>
        <mattext texttype="text/plain">Which of the following best supports the biological basis for language?</mattext>
      </material>
      <response_lid ident="response1" rcardinality="Single">
        <render_choice>
          <response_label ident="A1">
            <material>
              <mattext texttype="text/plain">All cultures teach language differently</mattext>
            </material>
          </response_label>
          <response_label ident="A2">
            <material>
              <mattext texttype="text/plain">Only humans use symbolic gestures</mattext>
            </material>
          </response_label>
          <response_label ident="A3">
            <material>
              <mattext texttype="text/plain">Children invent grammar in isolated communities</mattext>
            </material>
          </response_label>
          <response_label ident="A4">
            <material>
              <mattext texttype="text/plain">Language depends on memory</mattext>
            </material>
          </response_label>
        </render_choice>
      </response_lid>
    </presentation>
    <resprocessing>
      <outcomes>
        <decvar varname="SCORE" vartype="Decimal" minvalue="0" maxvalue="100" cutvalue="50"/>
      </outcomes>
      <respcondition continue="No">
        <conditionvar>
          <varequal respident="response1">A3</varequal>
        </conditionvar>
        <setvar action="Set">100</setvar>
      </respcondition>
    </resprocessing>
  </item>
  <item ident="q60" title="Question q60">
    <presentation>
      <material>
        <mattext texttype="text/plain">What is the relationship between attachment quality and later peer relationships?</mattext>
      </material>
      <response_lid ident="response1" rcardinality="Single">
        <render_choice>
          <response_label ident="A1">
            <material>
              <mattext texttype="text/plain">No effect</mattext>
            </material>
          </response_label>
          <response_label ident="A2">
            <material>
              <mattext texttype="text/plain">Strong predictors of social competence</mattext>
            </material>
          </response_label>
          <response_label ident="A3">
            <material>
              <mattext texttype="text/plain">Only related to IQ</mattext>
            </material>
          </response_label>
          <response_label ident="A4">
            <material>
              <mattext texttype="text/plain">Only applies in school settings</mattext>
            </material>
          </response_label>
        </render_choice>
      </response_lid>
    </presentation>
    <resprocessing>
      <outcomes>
        <decvar varname="SCORE" vartype="Decimal" minvalue="0" maxvalue="100" cutvalue="50"/>
      </outcomes>
      <respcondition continue="No">
        <conditionvar>
          <varequal respident="response1">A2</varequal>
        </conditionvar>
        <setvar action="Set">100</setvar>
      </respcondition>
    </resprocessing>
  </item>
</questestinterop>
